symbol,timeframe,direction,mode,entry_ts,exit_ts,entry,sl,tp,exit_price,exit_reason,score,cnt,src,risk,r,pnl_pct,bars_held
BTC/USDT,4h,short,reversion,2022-01-31 08:00:00+00:00,2022-02-01 16:00:00+00:00,37392.34627380282,39114.89783571577,35319.45059647058,39114.89783571577,sl,3.55,3,피보 FVG,1722.551561912951,-1.0222075338123855,-4.7089989247380695,8
BTC/USDT,4h,short,reversion,2022-02-24 20:00:00+00:00,2022-02-28 20:00:00+00:00,39550.959375,42469.196510036876,36250.0,42469.196510036876,sl,3.2,3,가격대 돌파선 FVG,2918.2371350368776,-1.01405303134901,-7.4821123425135525,24
BTC/USDT,4h,short,reversion,2022-03-09 00:00:00+00:00,2022-03-09 00:00:00+00:00,39832.791891891895,40825.68279980469,38801.87220941176,40825.68279980469,sl,3.7,3,피보 가격대 돌파선,992.8909079127916,-1.040617994408496,-2.593893363193945,0
BTC/USDT,4h,long,reversion,2022-04-04 00:00:00+00:00,2022-04-06 12:00:00+00:00,45924.86658378378,43851.87087319051,48239.446943749994,43851.87087319051,sl,3.7,3,피보 가격대 FVG,2072.99571059327,-1.0216538647422673,-4.611628158914649,15
BTC/USDT,4h,short,reversion,2022-04-06 16:00:00+00:00,2022-04-07 00:00:00+00:00,44266.05504587156,44880.456660910975,43096.449064788736,43096.449064788736,tp,5.45,5,피보 가격대 넥라인,614.4016150394164,1.8325549631819573,2.543539802362626,2
BTC/USDT,4h,short,reversion,2022-04-18 12:00:00+00:00,2022-04-18 12:00:00+00:00,39200.0,39534.34200999711,38596.00197560976,39534.34200999711,sl,4.25,4,피보 가격대 넥라인,334.34200999711175,-1.1177452124707232,-0.9533397474543631,0
BTC/USDT,4h,short,reversion,2022-04-18 16:00:00+00:00,2022-04-18 16:00:00+00:00,40891.68187042253,41833.45115214018,39200.0,39200.0,tp,3.55,3,피보 돌파선,941.7692817176503,1.7537586557027793,4.039051352108771,0
BTC/USDT,4h,short,reversion,2022-04-25 08:00:00+00:00,2022-04-25 12:00:00+00:00,38536.51,39020.215986881274,37408.59678400001,39020.215986881274,sl,4.25,4,피보 가격대 넥라인,483.7059868812721,-1.0801692847414746,-1.355816470860264,1
BTC/USDT,4h,short,reversion,2022-04-25 16:00:00+00:00,2022-04-25 16:00:00+00:00,39264.31324923077,39577.9637080762,38536.51,39577.9637080762,sl,3.25,3,피보 가격대 FVG,313.65045884542633,-1.1256849380159237,-0.8992175543296861,0
BTC/USDT,4h,short,reversion,2022-04-27 04:00:00+00:00,2022-04-27 04:00:00+00:00,38539.07952380952,39092.8137766234,37408.59678400001,39092.8137766234,sl,5.25,5,피보 가격대 넥라인 FVG,553.7342528138761,-1.0700985110691057,-1.5375307526429471,0
BTC/USDT,4h,short,reversion,2022-05-19 12:00:00+00:00,2022-05-30 20:00:00+00:00,29563.179989577467,31466.295155462118,26700.0,31466.295155462118,sl,3.55,3,피보 FVG,1903.1151658846502,-1.01603409931229,-6.540669522490049,68
BTC/USDT,4h,short,reversion,2022-07-01 00:00:00+00:00,2022-07-08 00:00:00+00:00,20720.37723943662,21974.941253194444,18581.037606557376,21974.941253194444,sl,3.55,3,피보 FVG,1254.564013757823,-1.0170159983964249,-6.157762758178577,42
BTC/USDT,4h,long,reversion,2022-07-25 00:00:00+00:00,2022-07-29 04:00:00+00:00,21981.28713809524,20017.791527053323,24276.739999999998,24276.739999999998,tp,4.2,4,피보 가격대 넥라인 돌파선,1963.4956110419153,1.157284913476287,10.33753771587653,25
BTC/USDT,4h,long,reversion,2022-07-30 16:00:00+00:00,2022-08-19 04:00:00+00:00,24326.582588679245,22262.113808660175,26628.167443243245,22262.113808660175,sl,5.3,5,피보 가격대 넥라인,2064.4687800190695,-1.0112834586912256,-8.582229421691613,117
BTC/USDT,4h,short,reversion,2022-09-09 04:00:00+00:00,2022-09-09 08:00:00+00:00,20724.892307692306,20916.84374514929,19794.53548,20916.84374514929,sl,3.9000000000000004,3,피보 가격대,191.95143745698442,-1.108469456140888,-1.026650958299224,1
BTC/USDT,4h,long,reversion,2022-09-13 12:00:00+00:00,2022-09-13 12:00:00+00:00,20753.55294117647,20501.8980959525,21895.03448275862,22522.74,tp,3.4000000000000004,3,가격대 FVG,251.65484522396946,6.944229151628886,8.420480663268446,0
BTC/USDT,4h,long,reversion,2022-09-13 16:00:00+00:00,2022-09-13 16:00:00+00:00,20739.141176470588,20443.36966052732,21895.03448275862,20443.36966052732,sl,3.4000000000000004,3,가격대 돌파선,295.7715159432664,-1.0696187912241308,-1.525438149390159,0
BTC/USDT,4h,short,reversion,2022-10-13 16:00:00+00:00,2022-10-25 16:00:00+00:00,19175.3712574365,20079.259847971825,17973.010559999995,20079.259847971825,sl,5.05,4,피보 빗각 FVG,903.8885905353236,-1.021714308332048,-4.816156587997607,72
BTC/USDT,4h,long,reversion,2022-10-29 04:00:00+00:00,2022-10-30 16:00:00+00:00,20720.795715063847,20563.568421914417,21894.0,20563.568421914417,sl,3.9000000000000004,3,빗각 가격대,157.2272931494299,-1.1312887963343021,-0.8584104474743186,9
BTC/USDT,4h,long,reversion,2022-11-05 00:00:00+00:00,2022-11-07 04:00:00+00:00,21106.81553301887,20749.836236133924,21690.149311764708,20749.836236133924,sl,5.3,5,피보 가격대 넥라인,356.97929688494696,-1.0586261614250463,-1.790453051424721,13
BTC/USDT,4h,short,reversion,2022-11-08 20:00:00+00:00,2022-11-09 16:00:00+00:00,18572.577358490566,19622.81349607993,16472.10508331184,16472.10508331184,tp,5.3,5,가격대 넥라인,1050.2361375893634,1.9833158081370912,11.215190513155097,5
BTC/USDT,4h,long,reversion,2022-12-15 16:00:00+00:00,2022-12-16 16:00:00+00:00,17365.0977443609,16769.47556812115,17963.51662,16769.47556812115,sl,6.65,6,피보 가격대 넥라인,595.6221762397508,-1.0286545520584698,-3.5282811068250686,6
BTC/USDT,4h,short,reversion,2022-12-20 00:00:00+00:00,2022-12-20 00:00:00+00:00,16682.74081081081,16784.814975507616,16478.5924814172,16784.814975507616,sl,3.7,4,가격대 넥라인 FVG,102.07416469680538,-1.1639374462956829,-0.7121608130060634,0
BTC/USDT,4h,short,reversion,2022-12-28 12:00:00+00:00,2022-12-28 12:00:00+00:00,16693.014806117648,16751.567838650153,16541.077914146343,16751.567838650153,sl,4.25,4,피보 가격대 넥라인,58.55303253250531,-1.285592233213551,-0.45093905881699897,0
BTC/USDT,4h,long,reversion,2023-01-29 20:00:00+00:00,2023-01-30 08:00:00+00:00,23844.12238095238,23223.963414864647,24776.920021176473,23223.963414864647,sl,5.25,5,피보 가격대 넥라인 돌파선,620.1589660877326,-1.0379484038526006,-2.6995877587838937,3
BTC/USDT,4h,long,reversion,2023-02-02 04:00:00+00:00,2023-02-09 04:00:00+00:00,23785.617129301798,22398.14080104691,26560.569785811575,22398.14080104691,sl,5.75,5,피보 빗각 가격대 넥라인,1387.4763282548884,-1.0166430795934505,-5.930341010502377,42
BTC/USDT,4h,long,reversion,2023-02-16 00:00:00+00:00,2023-02-24 16:00:00+00:00,24278.809523809523,23028.943460820134,26778.5416497883,23028.943460820134,sl,5.25,5,피보 가격대 넥라인 돌파선,1249.8660629893893,-1.0189251290140162,-5.245396971514604,52
BTC/USDT,4h,long,reversion,2023-03-01 16:00:00+00:00,2023-03-02 00:00:00+00:00,23335.273648648646,23038.069410091044,23785.55152222222,23785.55152222222,tp,3.7,3,피보 가격대 FVG,297.20423855760237,1.4357717879768208,1.8286370556997933,2
BTC/USDT,4h,long,reversion,2023-04-03 20:00:00+00:00,2023-04-03 20:00:00+00:00,27525.78782725275,27323.40980346452,27846.41,27323.40980346452,sl,4.55,4,피보 돌파선 FVG,202.37802378822744,-1.1355117433306707,-0.8348630166220455,0
BTC/USDT,4h,long,reversion,2023-04-05 12:00:00+00:00,2023-04-10 16:00:00+00:00,28199.06657661972,27322.990453878178,29184.679999999997,29184.679999999997,tp,3.55,3,피보 FVG,876.0761227415423,1.0922812815596796,3.393451153753314,31
BTC/USDT,4h,long,reversion,2023-04-19 08:00:00+00:00,2023-04-19 08:00:00+00:00,29133.551428571427,28482.310281427322,29882.888917073175,30077.76,tp,4.2,4,피보 가격대 넥라인 돌파선,651.2411471441046,1.4043997676208029,3.1393457744301285,0
BTC/USDT,4h,long,reversion,2023-04-26 16:00:00+00:00,2023-04-26 20:00:00+00:00,28623.13661408451,27483.411761428688,30136.60759120879,27483.411761428688,sl,3.55,3,피보 FVG,1139.7248526558215,-1.024614076039832,-4.079839825342386,1
BTC/USDT,4h,long,reversion,2023-04-27 04:00:00+00:00,2023-05-08 16:00:00+00:00,28707.945328,27371.59471569199,30126.281288049548,27371.59471569199,sl,3.75,3,피보 가격대,1336.3506123080115,-1.0209823453243445,-4.752657728517802,69
BTC/USDT,4h,short,reversion,2023-05-15 00:00:00+00:00,2023-05-18 16:00:00+00:00,27224.30875,27915.210305359135,26504.439999999995,26504.439999999995,tp,3.2,3,가격대 돌파선 FVG,690.9015553591344,1.0030435888435332,2.545535249356901,22
BTC/USDT,4h,long,reversion,2023-05-31 04:00:00+00:00,2023-05-31 04:00:00+00:00,27520.493232075474,27366.806141229514,28394.456285853663,27366.806141229514,sl,5.3,5,피보 가격대 넥라인,153.68709084596048,-1.1785683464732837,-0.6581667668713977,0
BTC/USDT,4h,short,reversion,2023-06-12 04:00:00+00:00,2023-06-14 20:00:00+00:00,25834.760708860755,26548.701505410314,25001.632000000005,25001.632000000005,tp,3.95,4,피보 가격대 넥라인,713.9407965495593,1.1313410249280393,3.1264485923002656,16
BTC/USDT,4h,short,reversion,2023-06-16 16:00:00+00:00,2023-06-20 00:00:00+00:00,26498.26615135135,27095.860169302683,25606.06628,27095.860169302683,sl,3.7,3,피보 가격대 돌파선,597.5940179513345,-1.0448415853495194,-2.3563469305700937,20
BTC/USDT,4h,long,reversion,2023-06-26 16:00:00+00:00,2023-06-30 12:00:00+00:00,29996.275229894734,29762.71374327056,31406.728999999996,29762.71374327056,sl,4.75,4,피보 가격대 돌파선,233.561486624174,-1.1279298865512961,-0.8782456458067415,23
BTC/USDT,4h,long,reversion,2023-07-03 20:00:00+00:00,2023-07-07 00:00:00+00:00,31087.85365883359,29799.843982491053,33663.87301151866,29799.843982491053,sl,3.75,3,피보 빗각 가격대,1288.0096763425354,-1.023636351014933,-4.241056779384833,19
BTC/USDT,4h,short,reversion,2023-07-24 20:00:00+00:00,2023-08-02 00:00:00+00:00,29197.572283750003,29952.155527099847,28426.958181818183,29952.155527099847,sl,4.8,4,피보 가격대,754.5832433498435,-1.039193639888069,-2.685696261437784,49
BTC/USDT,4h,short,reversion,2023-08-29 16:00:00+00:00,2023-08-29 16:00:00+00:00,27699.85714285714,28138.24135280537,27147.771111111106,28138.24135280537,sl,3.5,3,피보 돌파선 FVG,438.3842099482281,-1.0636862565171505,-1.6834139497224925,0
BTC/USDT,4h,short,reversion,2023-09-01 16:00:00+00:00,2023-09-07 20:00:00+00:00,25828.24539043478,26373.864904407375,24760.944927999997,26373.864904407375,sl,3.45,3,피보 가격대,545.6195139725969,-1.047837466364394,-2.213547844530503,37
BTC/USDT,4h,long,reversion,2023-09-14 20:00:00+00:00,2023-09-18 08:00:00+00:00,26497.712100641027,26199.614845895318,27140.24520028169,27140.24520028169,tp,7.8,7,피보 가격대 넥라인 FVG,298.0972547457095,2.06548068185141,2.3236501274210246,21
BTC/USDT,4h,long,reversion,2023-09-20 16:00:00+00:00,2023-09-21 12:00:00+00:00,26878.976249999996,26395.4639919173,27490.25727272727,26395.4639919173,sl,3.2,2,가격대 FVG,483.5122580826974,-1.0550910957802497,-1.897949808276854,5
BTC/USDT,4h,long,reversion,2023-10-02 20:00:00+00:00,2023-10-06 20:00:00+00:00,27509.056654615382,27105.230738702645,28171.263390105265,28171.263390105265,tp,6.5,6,피보 가격대 넥라인,403.8259159127374,1.5708911946220965,2.3060280962454973,24
BTC/USDT,4h,long,reversion,2023-10-09 08:00:00+00:00,2023-10-11 00:00:00+00:00,27518.0799412844,27068.10125639502,28030.74361176471,27068.10125639502,sl,5.45,5,피보 가격대 넥라인,449.9786848893782,-1.0606541854433602,-1.7343934478952654,10
BTC/USDT,4h,long,reversion,2023-11-02 04:00:00+00:00,2023-11-24 12:00:00+00:00,35280.0,33794.44996937031,38251.10006125938,38251.10006125938,tp,4.25,4,피보 가격대 넥라인,1485.550030629689,1.975251220576499,8.317274691691463,134
BTC/USDT,4h,long,reversion,2023-11-24 16:00:00+00:00,2023-12-03 20:00:00+00:00,37946.84868866286,36415.70527769297,40040.78588235294,40040.78588235294,tp,6.95,6,피보 빗각 가격대 넥라인,1531.1434109698894,1.3420972599182497,5.415320237167713,55
BTC/USDT,4h,long,reversion,2024-01-03 08:00:00+00:00,2024-01-03 12:00:00+00:00,44350.57224531556,42992.00974368258,45994.57611380282,42992.00974368258,sl,6.75,6,피보 빗각 가격대 넥라인 FVG,1358.5625016329795,-1.0321452203649126,-3.161703945715349,1
BTC/USDT,4h,short,reversion,2024-01-19 04:00:00+00:00,2024-01-30 12:00:00+00:00,41470.710951086956,43799.51632773655,38470.17463774649,43799.51632773655,sl,5.75,5,피보 빗각 가격대 넥라인,2328.805376649594,-1.0183077186556269,-5.7183502185096975,68
BTC/USDT,4h,long,reversion,2024-04-08 12:00:00+00:00,2024-04-09 16:00:00+00:00,71840.63692641509,68471.12359144217,76286.20303764705,68471.12359144217,sl,5.3,5,피보 가격대 넥라인,3369.513334972915,-1.0208207753715546,-4.787915812543572,7
BTC/USDT,4h,long,reversion,2024-04-12 16:00:00+00:00,2024-04-12 16:00:00+00:00,67623.9862174648,66969.59263634223,68645.53,66969.59263634223,sl,3.55,3,피보 돌파선,654.3935811225674,-1.1028384008771304,-1.067210631784798,0
BTC/USDT,4h,short,reversion,2024-05-01 16:00:00+00:00,2024-05-05 12:00:00+00:00,59414.36333333333,64567.976665776565,52922.65454545454,64567.976665776565,sl,3.9000000000000004,4,가격대 넥라인 FVG,5153.613332443238,-1.0120286808498622,-8.778356292705865,23
BTC/USDT,4h,long,reversion,2024-05-16 12:00:00+00:00,2024-05-20 16:00:00+00:00,65415.66857142857,64080.13147546265,67933.63296,67933.63296,tp,5.25,5,피보 가격대 넥라인 FVG,1335.5370959659194,1.8354336582712716,3.747251677370093,25
BTC/USDT,4h,long,reversion,2024-05-28 00:00:00+00:00,2024-05-28 00:00:00+00:00,68823.92323098592,68179.86362162133,70731.01074590164,68179.86362162133,sl,3.55,3,피보 FVG,644.0596093645872,-1.1063595549702083,-1.0353398489060288,0
BTC/USDT,4h,long,reversion,2024-05-28 16:00:00+00:00,2024-05-29 00:00:00+00:00,67333.09296923077,66544.01483345812,68776.75587058824,68776.75587058824,tp,3.25,3,피보 가격대 돌파선,789.0781357726519,1.7433102180566564,2.042989436956615,2
BTC/USDT,4h,long,reversion,2024-06-07 12:00:00+00:00,2024-06-07 16:00:00+00:00,70834.22486486485,68666.47697700222,75169.72064059011,68666.47697700222,sl,3.7,3,가격대 넥라인 FVG,2167.747887862628,-1.0321764128160247,-3.158781285532785,1
BTC/USDT,4h,short,reversion,2024-06-11 16:00:00+00:00,2024-06-11 16:00:00+00:00,66670.0,67221.7423066565,66079.31374647887,67221.7423066565,sl,4.25,4,피보 가격대 넥라인,551.7423066564952,-1.121335395791948,-0.927985867421364,0
BTC/USDT,4h,short,reversion,2024-06-29 00:00:00+00:00,2024-06-30 20:00:00+00:00,60660.96930769231,62770.195748336926,58401.99999999999,62770.195748336926,sl,3.25,3,피보 가격대 FVG,2109.2264406446193,-1.0292598183574606,-3.5788119575882558,11
BTC/USDT,4h,short,reversion,2024-07-06 20:00:00+00:00,2024-07-15 00:00:00+00:00,58299.31027735848,62725.1489767404,52867.58984444445,62725.1489767404,sl,5.3,5,피보 가격대 넥라인,4425.838699381915,-1.0136724887049091,-7.695375653099817,49
BTC/USDT,4h,long,reversion,2024-07-29 16:00:00+00:00,2024-07-30 12:00:00+00:00,66509.215625,65801.46540050782,70763.99973817567,65801.46540050782,sl,3.2,3,가격대 돌파선 FVG,707.750224492178,-1.0934727227535979,-1.1636065133717053,5
BTC/USDT,4h,short,reversion,2024-08-15 12:00:00+00:00,2024-08-15 16:00:00+00:00,59357.9583488,60232.584634264575,56830.4512111111,56830.4512111111,tp,3.75,3,피보 가격대,874.6262854645756,2.8233920863666486,4.160205306250838,1
BTC/USDT,4h,short,reversion,2024-08-19 20:00:00+00:00,2024-08-20 00:00:00+00:00,59515.44445945945,60084.666911257074,58598.70559999999,60084.666911257074,sl,3.7,3,피보 가격대 FVG,569.222451797621,-1.1050556869225872,-1.0569063428761838,1
BTC/USDT,4h,short,reversion,2024-08-28 16:00:00+00:00,2024-08-28 16:00:00+00:00,59353.3606816,60188.831962804565,58151.82078830769,58151.82078830769,tp,3.75,3,피보 가격대,835.4712812045618,1.3678355297978841,1.9253961181538142,0
BTC/USDT,4h,short,reversion,2024-08-29 04:00:00+00:00,2024-08-29 08:00:00+00:00,59353.3606816,60190.93549099185,57920.491493658534,60190.93549099185,sl,3.75,3,피보 가격대,837.5748093918446,-1.0713633545518113,-1.5118721959013266,1
BTC/USDT,4h,short,reversion,2024-08-30 04:00:00+00:00,2024-08-30 16:00:00+00:00,59353.3606816,60191.97673704779,57920.491493658534,57920.491493658534,tp,3.75,3,피보 가격대,838.6160554477901,1.6386906176272173,2.3153402706645094,3
BTC/USDT,4h,long,reversion,2024-09-20 04:00:00+00:00,2024-09-20 12:00:00+00:00,63726.89678853932,62967.896447673615,65058.66544133333,62967.896447673615,sl,4.45,4,피보 가격대 돌파선,759.0003408657067,-1.0834616181408472,-1.2904248895290702,2
BTC/USDT,4h,long,reversion,2024-09-30 08:00:00+00:00,2024-09-30 16:00:00+00:00,63908.26945945946,63159.59054092336,65575.53936170213,63159.59054092336,sl,3.7,3,피보 가격대 FVG,748.6789185360976,-1.0848613850706792,-1.2709041496601945,2
BTC/USDT,4h,long,reversion,2024-10-07 04:00:00+00:00,2024-10-07 08:00:00+00:00,63511.94943999999,63130.21138567805,65016.66186666666,63130.21138567805,sl,3.75,3,피보 가격대,381.7380543219406,-1.165875735195729,-0.7007486601481645,1
BTC/USDT,4h,long,reversion,2024-10-07 16:00:00+00:00,2024-10-07 16:00:00+00:00,63511.94943999999,63087.28045529689,65016.66186666666,63087.28045529689,sl,3.75,3,피보 가격대,424.66898470310116,-1.1490563644338263,-0.7683099069596905,0
BTC/USDT,4h,long,reversion,2024-10-14 08:00:00+00:00,2024-10-14 12:00:00+00:00,64517.77285714286,63678.74950646784,65643.33519606557,65643.33519606557,tp,5.25,5,피보 가격대 넥라인 돌파선,839.0233506750228,1.2639478794516426,1.6437048861625412,1
BTC/USDT,4h,long,reversion,2024-10-28 20:00:00+00:00,2024-10-29 12:00:00+00:00,69450.23553773585,68055.74438685777,72239.217839492,72239.217839492,tp,3.2,3,빗각 가격대 넥라인,1394.4911508780788,1.9491967183556493,3.9137917301815937,4
BTC/USDT,4h,long,reversion,2024-11-20 12:00:00+00:00,2024-12-15 20:00:00+00:00,93387.51999999999,87953.55328188709,104255.4534362258,104255.4534362258,tp,5.25,5,피보 가격대 넥라인 돌파선,5433.966718112904,1.9818141163086787,11.531639291318259,152
BTC/USDT,4h,short,reversion,2024-12-30 16:00:00+00:00,2024-12-30 16:00:00+00:00,92232.54,93852.9478012035,90283.2806688,93852.9478012035,sl,4.25,4,피보 가격대 넥라인,1620.4078012035025,-1.057419338410675,-1.8577505781626573,0
BTC/USDT,4h,short,reversion,2025-01-01 12:00:00+00:00,2025-01-03 16:00:00+00:00,93593.15516224313,97864.60685735138,87793.57752823528,97864.60685735138,sl,3.75,3,피보 빗각 가격대,4271.451695108248,-1.0224113223893947,-4.6661324415739225,13
BTC/USDT,4h,long,reversion,2025-01-07 12:00:00+00:00,2025-01-07 12:00:00+00:00,99761.43384615384,98663.48948541246,102771.1,98663.48948541246,sl,3.9000000000000004,4,가격대 넥라인 FVG,1097.944360741385,-1.0903620121504063,-1.2000196631629738,0
BTC/USDT,4h,long,reversion,2025-01-07 16:00:00+00:00,2025-01-08 16:00:00+00:00,96945.23714285715,93511.27023645442,102771.1,93511.27023645442,sl,3.5,3,빗각 돌파선 FVG,3433.9669064027257,-1.0277312671569723,-3.6404007706864534,6
BTC/USDT,4h,short,reversion,2025-01-13 20:00:00+00:00,2025-01-14 08:00:00+00:00,93468.67437499999,96582.10334725268,77199.0,96582.10334725268,sl,3.2,3,가격대 FVG,3113.4289722526883,-1.0305211359269815,-3.4326520436583596,3
BTC/USDT,4h,long,reversion,2025-01-19 20:00:00+00:00,2025-01-19 20:00:00+00:00,105854.20034880289,102757.4844239388,109725.38463882354,102757.4844239388,sl,5.05,4,피보 빗각 돌파선,3096.715924864082,-1.033682728709108,-3.0239912603398675,0
BTC/USDT,4h,long,reversion,2025-01-20 16:00:00+00:00,2025-01-27 04:00:00+00:00,102647.62571428569,97943.17334371906,107714.73391119999,97943.17334371906,sl,5.25,5,피보 가격대 넥라인 FVG,4704.452370566636,-1.0213192507073725,-4.680817248973106,39
BTC/USDT,4h,long,reversion,2025-01-31 16:00:00+00:00,2025-02-01 20:00:00+00:00,103032.46435437037,100549.13386361422,106431.8993697561,100549.13386361422,sl,5.25,5,피보 빗각 가격대 넥라인 FVG,2483.330490756154,-1.0409896304530928,-2.509035677312218,7
BTC/USDT,4h,long,reversion,2025-02-04 04:00:00+00:00,2025-02-04 08:00:00+00:00,99282.26887755102,98137.42459833047,102416.02746904762,98137.42459833047,sl,4.9,4,피보 가격대 FVG,1144.844279220546,-1.086221199275369,-1.2525440242428527,1
BTC/USDT,4h,short,reversion,2025-03-02 16:00:00+00:00,2025-03-02 16:00:00+00:00,88895.22032568422,92750.3417428109,84762.00448829267,92750.3417428109,sl,4.75,4,피보 가격대 돌파선,3855.1214171266765,-1.023558993662498,-4.438871048076851,0
BTC/USDT,4h,short,reversion,2025-03-07 00:00:00+00:00,2025-03-07 00:00:00+00:00,91204.55558243902,93051.82163621666,88991.5376,88991.5376,tp,6.15,5,피보 가격대,1847.2660537776392,1.1492226209140008,2.327646817958466,0
BTC/USDT,4h,short,reversion,2025-03-07 08:00:00+00:00,2025-03-09 20:00:00+00:00,88991.5376,93168.38026286029,81191.74659446451,81191.74659446451,tp,3.75,3,피보 가격대,4176.84266286029,1.8470169901384916,8.66902581020047,15
BTC/USDT,4h,long,reversion,2025-03-19 20:00:00+00:00,2025-03-20 16:00:00+00:00,85309.71,84053.17836014967,87617.69826941176,84053.17836014967,sl,4.25,4,피보 가격대 넥라인,1256.5316398503346,-1.067393005869841,-1.572169315814588,5
BTC/USDT,4h,long,reversion,2025-04-02 20:00:00+00:00,2025-04-02 20:00:00+00:00,85500.94344298246,84075.67004264385,87585.245,84075.67004264385,sl,4.2,4,빗각 가격대 넥라인 FVG,1425.273400338614,-1.059489152553236,-1.766134555098136,0
BTC/USDT,4h,short,reversion,2025-04-09 16:00:00+00:00,2025-04-09 16:00:00+00:00,82770.19750000001,85531.52982919951,78513.57909090909,77258.01,tp,4.0,4,돌파선 FVG,2761.332329199504,1.9672291302310483,6.562958118168092,0
BTC/USDT,4h,short,reversion,2025-04-11 04:00:00+00:00,2025-04-12 20:00:00+00:00,81392.79895238095,85524.91084474172,77238.196648,85524.91084474172,sl,5.25,5,피보 가격대 넥라인 FVG,4132.111892360772,-1.0201976270422046,-5.17929202769604,10
BTC/USDT,4h,long,reversion,2025-04-21 16:00:00+00:00,2025-04-22 12:00:00+00:00,86496.42000000001,84231.62346047466,89400.06415866666,89400.06415866666,tp,4.25,4,피보 가격대 넥라인,2264.796539525356,1.2432445332053594,3.2552745149305764,5
BTC/USDT,4h,long,reversion,2025-05-03 20:00:00+00:00,2025-05-04 20:00:00+00:00,95834.2232254717,95194.64608226482,97737.11593512194,95194.64608226482,sl,5.3,5,피보 가격대 넥라인,639.5771432068723,-1.1493399751200521,-0.7670449585961283,6
BTC/USDT,4h,long,reversion,2025-05-07 16:00:00+00:00,2025-05-08 00:00:00+00:00,95831.39046415094,95146.29323441166,98485.4078432,98485.4078432,tp,5.3,5,피보 가격대 넥라인,685.0972297392873,3.732111106139467,2.668080852747157,2
BTC/USDT,4h,long,reversion,2025-05-11 00:00:00+00:00,2025-05-21 12:00:00+00:00,104324.04914276976,100692.78378090162,108651.64706666664,108651.64706666664,tp,4.2,3,피보 빗각 가격대,3631.265361868136,1.1624350343871817,4.0461524552363635,63
BTC/USDT,4h,short,reversion,2025-06-06 04:00:00+00:00,2025-06-06 12:00:00+00:00,102992.76944954127,104952.67953373853,99694.12035882351,104952.67953373853,sl,5.45,5,피보 가격대 넥라인,1959.910084197254,-1.0530497420927478,-2.003910390719265,2
BTC/USDT,4h,short,reversion,2025-06-13 04:00:00+00:00,2025-06-13 12:00:00+00:00,104821.69866166667,105590.56850509695,101840.31194833334,105590.56850509695,sl,3.5999999999999996,3,피보,768.8698434302787,-1.1368321757997546,-0.8338693115772893,2
BTC/USDT,4h,short,reversion,2025-06-23 20:00:00+00:00,2025-06-23 20:00:00+00:00,105903.121875,107230.14164840315,102896.46500000001,102896.46500000001,tp,3.2,3,가격대 돌파선 FVG,1327.0197734031535,2.1870488592039763,2.7404830284305404,0
BTC/USDT,4h,short,reversion,2025-07-01 20:00:00+00:00,2025-07-02 04:00:00+00:00,105840.94052799999,106277.19064454938,104389.6628647059,106277.19064454938,sl,3.75,3,피보 가격대,436.2501165493886,-1.243115271636306,-0.512381295395043,2
BTC/USDT,4h,long,reversion,2025-07-29 16:00:00+00:00,2025-07-30 16:00:00+00:00,117084.35464395605,116307.68366246435,119515.0792059053,116307.68366246435,sl,4.55,4,피보 돌파선 FVG,776.6709814916976,-1.1502515504429949,-0.7630114231415153,6
BTC/USDT,4h,long,reversion,2025-08-14 12:00:00+00:00,2025-08-14 16:00:00+00:00,119942.95897435896,117393.87248362132,123232.7727272727,117393.87248362132,sl,3.9000000000000004,4,가격대 넥라인 FVG,2549.086490737638,-1.0465533108273037,-2.2241863376381543,1
BTC/USDT,4h,short,reversion,2025-08-25 12:00:00+00:00,2025-09-11 20:00:00+00:00,111999.74358974358,115459.54016886385,105994.79374999998,115459.54016886385,sl,3.9000000000000004,4,가격대 넥라인 FVG,3459.7965791202732,-1.032871771295936,-3.190655716221501,104
BTC/USDT,4h,long,reversion,2025-10-07 00:00:00+00:00,2025-10-07 12:00:00+00:00,124392.50675675675,122051.80321632866,129073.91383761293,122051.80321632866,sl,3.7,3,피보 가격대 FVG,2340.7035404280905,-1.0526432129734835,-1.980766976770325,3
BTC/USDT,4h,long,reversion,2025-10-10 16:00:00+00:00,2025-10-10 16:00:00+00:00,117831.75897435896,116034.57817884273,120023.9,116034.57817884273,sl,3.9000000000000004,4,가격대 넥라인 FVG,1797.1807955162367,-1.0650647774939148,-1.6244465675076296,0
BTC/USDT,4h,short,reversion,2025-11-04 16:00:00+00:00,2025-11-04 20:00:00+00:00,103229.56435897434,105315.97408616374,99056.74490459554,99056.74490459554,tp,3.9000000000000004,4,가격대 넥라인 돌파선,2086.409727189399,1.9515228704536214,3.944292824474211,1
BTC/USDT,4h,short,reversion,2025-11-05 12:00:00+00:00,2025-11-09 20:00:00+00:00,103306.18387755101,105423.18934126032,98538.34545454544,105423.18934126032,sl,4.9,5,가격대 넥라인 FVG,2117.0054637093126,-1.0492982603958627,-2.1502780055758444,26
BTC/USDT,4h,short,reversion,2025-11-11 12:00:00+00:00,2025-11-12 16:00:00+00:00,105345.45136210526,107202.52671921093,101413.32706721312,101413.32706721312,tp,4.75,4,피보 가격대 FVG,1857.0753571056703,2.0617068074419675,3.63446627848875,7
BTC/USDT,4h,short,reversion,2025-11-16 20:00:00+00:00,2025-11-20 16:00:00+00:00,94130.64543098593,97109.62356489015,88172.68916317748,88172.68916317748,tp,3.55,3,피보 돌파선,2978.978133904224,1.9694016997776282,6.232619115325996,23
BTC/USDT,4h,short,reversion,2025-12-01 20:00:00+00:00,2025-12-02 12:00:00+00:00,86167.4983661972,89876.17858412485,80600.0,89876.17858412485,sl,3.55,3,피보 FVG,3708.6802179276565,-1.023734005981337,-4.406188096894121,4
BTC/USDT,4h,long,reversion,2025-12-04 00:00:00+00:00,2025-12-05 16:00:00+00:00,93092.0,88498.46981578549,98218.62736353077,88498.46981578549,sl,4.25,4,피보 가격대 넥라인,4593.530184214513,-1.0197658949145272,-5.031931228378814,10
BTC/USDT,4h,short,reversion,2025-12-16 12:00:00+00:00,2025-12-17 12:00:00+00:00,87719.28,89834.3080592536,85267.29884394366,89834.3080592536,sl,4.25,4,피보 가격대 넥라인,2115.0280592536,-1.0419742866489234,-2.5123380553091943,6
BTC/USDT,4h,short,reversion,2025-12-26 04:00:00+00:00,2025-12-26 12:00:00+00:00,89100.62688120008,89733.2389097126,87600.4009090909,87600.4009090909,tp,3.55,3,피보 빗각 돌파선,632.6120285125216,2.231818863030189,1.5845853251925197,2
BTC/USDT,4h,short,reversion,2025-12-28 00:00:00+00:00,2025-12-29 00:00:00+00:00,87895.070316,89609.95743123378,85866.2342971831,89609.95743123378,sl,4.25,4,피보 가격대 넥라인,1714.8871152337815,-1.0517541435148736,-2.052037301549405,6
BTC/USDT,4h,short,reversion,2025-12-29 20:00:00+00:00,2026-01-02 08:00:00+00:00,87474.912732,89670.58197063253,84616.16309039999,89670.58197063253,sl,4.25,4,피보 가격대 넥라인,2195.6692386325303,-1.0403397496275348,-2.6113109629296343,21
BTC/USDT,4h,long,reversion,2026-01-08 04:00:00+00:00,2026-01-13 20:00:00+00:00,90496.2218918919,88736.49870752127,94679.94,94679.94,tp,3.7,4,가격대 넥라인 돌파선 FVG,1759.723184370625,2.3248713567556805,4.520774394371386,34
BTC/USDT,4h,short,reversion,2026-01-30 16:00:00+00:00,2026-02-04 16:00:00+00:00,84044.77176470587,89665.21131613119,72803.89266185525,72803.89266185525,tp,3.4000000000000004,3,가격대 FVG,5620.439551425312,1.9860465838132904,13.281557598714253,30
BTC/USDT,4h,long,reversion,2026-03-05 04:00:00+00:00,2026-03-27 16:00:00+00:00,72058.38542736841,65617.38246999896,80702.61818181818,65617.38246999896,sl,4.75,4,피보 가격대 FVG,6441.002957369448,-1.0106874479649048,-9.034119766504839,135
BTC/USDT,4h,long,reversion,2026-04-12 00:00:00+00:00,2026-05-04 16:00:00+00:00,72162.04487179486,68771.88876437728,80702.61818181818,80702.61818181818,tp,3.9000000000000004,4,가격대 넥라인 FVG,3390.1561074175843,2.4966817781568125,11.729353004802103,136
BTC/USDT,4h,long,reversion,2026-05-07 16:00:00+00:00,2026-05-18 04:00:00+00:00,79546.06588584905,76666.52325157388,83070.53367170734,76666.52325157388,sl,5.3,5,피보 가격대 넥라인,2879.5426342751744,-1.027124548752643,-3.7181586492136507,63
