run_id,symbol,timeframe,entry_mode,neely_gate,vol_gate,minPlanScore,IS_n_trades,IS_win_rate,IS_profit_factor,IS_expectancy_r,IS_avg_win_r,IS_avg_loss_r,IS_total_r,IS_max_dd_r,IS_max_dd_pct,IS_max_consec_l,IS_cagr_r,IS_exposure,IS_sample_warn,OOS_n_trades,OOS_win_rate,OOS_profit_factor,OOS_expectancy_r,OOS_avg_win_r,OOS_avg_loss_r,OOS_total_r,OOS_max_dd_r,OOS_max_dd_pct,OOS_max_consec_l,OOS_cagr_r,OOS_exposure,OOS_sample_warn,overfit_flag
BTCUSDT_1d_reversion_neely-off_vol-off_mps2.5_default,BTC/USDT,1d,reversion,False,False,2.5,11,0.2727,0.452,-0.4085,1.2337,-1.0243,-4.493,5.199,8.2058,5,-1.446,0.3492,True,8,0.375,0.665,-0.2147,1.1381,-1.0264,-1.718,3.584,0.0,3,-1.287,0.2053,True,False
BTCUSDT_1d_reversion_neely-off_vol-off_mps2.5_fib_diag_emph,BTC/USDT,1d,reversion,False,False,2.5,12,0.25,0.397,-0.4625,1.2204,-1.0234,-5.549,6.215,9.7999,5,-1.786,0.3104,True,8,0.25,0.307,-0.533,0.9436,-1.0252,-4.264,4.607,0.0,3,-3.196,0.2177,True,False
BTCUSDT_1d_reversion_neely-off_vol-off_mps3.0_default,BTC/USDT,1d,reversion,False,False,3.0,7,0.2857,0.335,-0.4863,0.8559,-1.0232,-3.404,5.116,8.0741,5,-1.096,0.2575,True,8,0.375,0.665,-0.2147,1.1381,-1.0264,-1.718,3.584,0.0,3,-1.287,0.2053,True,False
BTCUSDT_1d_reversion_neely-off_vol-off_mps3.0_fib_diag_emph,BTC/USDT,1d,reversion,False,False,3.0,11,0.2727,0.446,-0.413,1.2204,-1.0256,-4.543,6.215,9.7999,5,-1.462,0.2919,True,8,0.25,0.307,-0.533,0.9436,-1.0252,-4.264,4.607,0.0,3,-3.196,0.2177,True,False
BTCUSDT_1d_reversion_neely-off_vol-off_mps4.0_default,BTC/USDT,1d,reversion,False,False,4.0,6,0.1667,0.124,-0.747,0.6336,-1.0232,-4.482,5.116,8.0741,5,-1.443,0.2566,True,4,0.25,0.509,-0.3738,1.5482,-1.0144,-1.495,3.043,0.0,3,-1.121,0.191,True,False
BTCUSDT_1d_reversion_neely-off_vol-off_mps4.0_fib_diag_emph,BTC/USDT,1d,reversion,False,False,4.0,8,0.25,0.273,-0.5575,0.8358,-1.022,-4.46,6.132,9.669,6,-1.436,0.261,True,7,0.2857,0.37,-0.4596,0.9436,-1.0208,-3.217,3.559,0.0,3,-2.411,0.2177,True,False
BTCUSDT_1d_reversion_neely-off_vol-off_mps2.5_default,BTC/USDT,1d,reversion,False,False,2.5,11,0.2727,0.452,-0.4085,1.2337,-1.0243,-4.493,5.199,8.2058,5,-1.446,0.3492,True,8,0.375,0.665,-0.2147,1.1381,-1.0264,-1.718,3.584,0.0,3,-1.287,0.2053,True,False
BTCUSDT_1d_reversion_neely-off_vol-off_mps2.5_fib_diag_emph,BTC/USDT,1d,reversion,False,False,2.5,12,0.25,0.397,-0.4625,1.2204,-1.0234,-5.549,6.215,9.7999,5,-1.786,0.3104,True,8,0.25,0.307,-0.533,0.9436,-1.0252,-4.264,4.607,0.0,3,-3.196,0.2177,True,False
BTCUSDT_1d_reversion_neely-off_vol-off_mps3.0_default,BTC/USDT,1d,reversion,False,False,3.0,7,0.2857,0.335,-0.4863,0.8559,-1.0232,-3.404,5.116,8.0741,5,-1.096,0.2575,True,8,0.375,0.665,-0.2147,1.1381,-1.0264,-1.718,3.584,0.0,3,-1.287,0.2053,True,False
BTCUSDT_1d_reversion_neely-off_vol-off_mps3.0_fib_diag_emph,BTC/USDT,1d,reversion,False,False,3.0,11,0.2727,0.446,-0.413,1.2204,-1.0256,-4.543,6.215,9.7999,5,-1.462,0.2919,True,8,0.25,0.307,-0.533,0.9436,-1.0252,-4.264,4.607,0.0,3,-3.196,0.2177,True,False
BTCUSDT_1d_reversion_neely-off_vol-off_mps4.0_default,BTC/USDT,1d,reversion,False,False,4.0,6,0.1667,0.124,-0.747,0.6336,-1.0232,-4.482,5.116,8.0741,5,-1.443,0.2566,True,4,0.25,0.509,-0.3738,1.5482,-1.0144,-1.495,3.043,0.0,3,-1.121,0.191,True,False
BTCUSDT_1d_reversion_neely-off_vol-off_mps4.0_fib_diag_emph,BTC/USDT,1d,reversion,False,False,4.0,8,0.25,0.273,-0.5575,0.8358,-1.022,-4.46,6.132,9.669,6,-1.436,0.261,True,7,0.2857,0.37,-0.4596,0.9436,-1.0208,-3.217,3.559,0.0,3,-2.411,0.2177,True,False
BTCUSDT_1d_reversion_neely-off_vol-off_mps2.5_default,BTC/USDT,1d,reversion,False,False,2.5,11,0.2727,0.452,-0.4085,1.2337,-1.0243,-4.493,5.199,8.2058,5,-1.446,0.3492,True,8,0.375,0.665,-0.2147,1.1381,-1.0264,-1.718,3.584,0.0,3,-1.287,0.2053,True,False
BTCUSDT_1d_reversion_neely-off_vol-off_mps2.5_fib_diag_emph,BTC/USDT,1d,reversion,False,False,2.5,12,0.25,0.397,-0.4625,1.2204,-1.0234,-5.549,6.215,9.7999,5,-1.786,0.3104,True,8,0.25,0.307,-0.533,0.9436,-1.0252,-4.264,4.607,0.0,3,-3.196,0.2177,True,False
BTCUSDT_1d_reversion_neely-off_vol-off_mps3.0_default,BTC/USDT,1d,reversion,False,False,3.0,7,0.2857,0.335,-0.4863,0.8559,-1.0232,-3.404,5.116,8.0741,5,-1.096,0.2575,True,8,0.375,0.665,-0.2147,1.1381,-1.0264,-1.718,3.584,0.0,3,-1.287,0.2053,True,False
BTCUSDT_1d_reversion_neely-off_vol-off_mps3.0_fib_diag_emph,BTC/USDT,1d,reversion,False,False,3.0,11,0.2727,0.446,-0.413,1.2204,-1.0256,-4.543,6.215,9.7999,5,-1.462,0.2919,True,8,0.25,0.307,-0.533,0.9436,-1.0252,-4.264,4.607,0.0,3,-3.196,0.2177,True,False
BTCUSDT_1d_reversion_neely-off_vol-off_mps4.0_default,BTC/USDT,1d,reversion,False,False,4.0,6,0.1667,0.124,-0.747,0.6336,-1.0232,-4.482,5.116,8.0741,5,-1.443,0.2566,True,4,0.25,0.509,-0.3738,1.5482,-1.0144,-1.495,3.043,0.0,3,-1.121,0.191,True,False
BTCUSDT_1d_reversion_neely-off_vol-off_mps4.0_fib_diag_emph,BTC/USDT,1d,reversion,False,False,4.0,8,0.25,0.273,-0.5575,0.8358,-1.022,-4.46,6.132,9.669,6,-1.436,0.261,True,7,0.2857,0.37,-0.4596,0.9436,-1.0208,-3.217,3.559,0.0,3,-2.411,0.2177,True,False
BTCUSDT_1d_reversion_neely-off_vol-off_mps2.5_default,BTC/USDT,1d,reversion,False,False,2.5,11,0.2727,0.452,-0.4085,1.2337,-1.0243,-4.493,5.199,8.2058,5,-1.446,0.3492,True,8,0.375,0.665,-0.2147,1.1381,-1.0264,-1.718,3.584,0.0,3,-1.287,0.2053,True,False
BTCUSDT_1d_reversion_neely-off_vol-off_mps2.5_fib_diag_emph,BTC/USDT,1d,reversion,False,False,2.5,12,0.25,0.397,-0.4625,1.2204,-1.0234,-5.549,6.215,9.7999,5,-1.786,0.3104,True,8,0.25,0.307,-0.533,0.9436,-1.0252,-4.264,4.607,0.0,3,-3.196,0.2177,True,False
BTCUSDT_1d_reversion_neely-off_vol-off_mps3.0_default,BTC/USDT,1d,reversion,False,False,3.0,7,0.2857,0.335,-0.4863,0.8559,-1.0232,-3.404,5.116,8.0741,5,-1.096,0.2575,True,8,0.375,0.665,-0.2147,1.1381,-1.0264,-1.718,3.584,0.0,3,-1.287,0.2053,True,False
BTCUSDT_1d_reversion_neely-off_vol-off_mps3.0_fib_diag_emph,BTC/USDT,1d,reversion,False,False,3.0,11,0.2727,0.446,-0.413,1.2204,-1.0256,-4.543,6.215,9.7999,5,-1.462,0.2919,True,8,0.25,0.307,-0.533,0.9436,-1.0252,-4.264,4.607,0.0,3,-3.196,0.2177,True,False
BTCUSDT_1d_reversion_neely-off_vol-off_mps4.0_default,BTC/USDT,1d,reversion,False,False,4.0,6,0.1667,0.124,-0.747,0.6336,-1.0232,-4.482,5.116,8.0741,5,-1.443,0.2566,True,4,0.25,0.509,-0.3738,1.5482,-1.0144,-1.495,3.043,0.0,3,-1.121,0.191,True,False
BTCUSDT_1d_reversion_neely-off_vol-off_mps4.0_fib_diag_emph,BTC/USDT,1d,reversion,False,False,4.0,8,0.25,0.273,-0.5575,0.8358,-1.022,-4.46,6.132,9.669,6,-1.436,0.261,True,7,0.2857,0.37,-0.4596,0.9436,-1.0208,-3.217,3.559,0.0,3,-2.411,0.2177,True,False
BTCUSDT_1d_breakout_neely-off_vol-off_mps2.5_default,BTC/USDT,1d,breakout,False,False,2.5,40,0.525,2.254,0.3565,1.2207,-0.5986,14.261,4.39,0.3256,4,4.59,0.537,False,27,0.3333,1.403,0.138,1.4425,-0.5142,3.726,4.352,2.1907,6,2.793,0.2136,True,False
BTCUSDT_1d_breakout_neely-off_vol-off_mps2.5_fib_diag_emph,BTC/USDT,1d,breakout,False,False,2.5,40,0.525,2.254,0.3565,1.2207,-0.5986,14.261,4.39,0.3256,4,4.59,0.537,False,27,0.3333,1.403,0.138,1.4425,-0.5142,3.726,4.352,2.1907,6,2.793,0.2136,True,False
BTCUSDT_1d_breakout_neely-off_vol-off_mps3.0_default,BTC/USDT,1d,breakout,False,False,3.0,40,0.525,2.254,0.3565,1.2207,-0.5986,14.261,4.39,0.3256,4,4.59,0.537,False,27,0.3333,1.403,0.138,1.4425,-0.5142,3.726,4.352,2.1907,6,2.793,0.2136,True,False
BTCUSDT_1d_breakout_neely-off_vol-off_mps3.0_fib_diag_emph,BTC/USDT,1d,breakout,False,False,3.0,40,0.525,2.254,0.3565,1.2207,-0.5986,14.261,4.39,0.3256,4,4.59,0.537,False,27,0.3333,1.403,0.138,1.4425,-0.5142,3.726,4.352,2.1907,6,2.793,0.2136,True,False
BTCUSDT_1d_breakout_neely-off_vol-off_mps4.0_default,BTC/USDT,1d,breakout,False,False,4.0,40,0.525,2.254,0.3565,1.2207,-0.5986,14.261,4.39,0.3256,4,4.59,0.537,False,27,0.3333,1.403,0.138,1.4425,-0.5142,3.726,4.352,2.1907,6,2.793,0.2136,True,False
BTCUSDT_1d_breakout_neely-off_vol-off_mps4.0_fib_diag_emph,BTC/USDT,1d,breakout,False,False,4.0,40,0.525,2.254,0.3565,1.2207,-0.5986,14.261,4.39,0.3256,4,4.59,0.537,False,27,0.3333,1.403,0.138,1.4425,-0.5142,3.726,4.352,2.1907,6,2.793,0.2136,True,False
BTCUSDT_1d_breakout_neely-off_vol-off_mps2.5_default,BTC/USDT,1d,breakout,False,False,2.5,40,0.525,2.254,0.3565,1.2207,-0.5986,14.261,4.39,0.3256,4,4.59,0.537,False,27,0.3333,1.403,0.138,1.4425,-0.5142,3.726,4.352,2.1907,6,2.793,0.2136,True,False
BTCUSDT_1d_breakout_neely-off_vol-off_mps2.5_fib_diag_emph,BTC/USDT,1d,breakout,False,False,2.5,40,0.525,2.254,0.3565,1.2207,-0.5986,14.261,4.39,0.3256,4,4.59,0.537,False,27,0.3333,1.403,0.138,1.4425,-0.5142,3.726,4.352,2.1907,6,2.793,0.2136,True,False
BTCUSDT_1d_breakout_neely-off_vol-off_mps3.0_default,BTC/USDT,1d,breakout,False,False,3.0,40,0.525,2.254,0.3565,1.2207,-0.5986,14.261,4.39,0.3256,4,4.59,0.537,False,27,0.3333,1.403,0.138,1.4425,-0.5142,3.726,4.352,2.1907,6,2.793,0.2136,True,False
BTCUSDT_1d_breakout_neely-off_vol-off_mps3.0_fib_diag_emph,BTC/USDT,1d,breakout,False,False,3.0,40,0.525,2.254,0.3565,1.2207,-0.5986,14.261,4.39,0.3256,4,4.59,0.537,False,27,0.3333,1.403,0.138,1.4425,-0.5142,3.726,4.352,2.1907,6,2.793,0.2136,True,False
BTCUSDT_1d_breakout_neely-off_vol-off_mps4.0_default,BTC/USDT,1d,breakout,False,False,4.0,40,0.525,2.254,0.3565,1.2207,-0.5986,14.261,4.39,0.3256,4,4.59,0.537,False,27,0.3333,1.403,0.138,1.4425,-0.5142,3.726,4.352,2.1907,6,2.793,0.2136,True,False
BTCUSDT_1d_breakout_neely-off_vol-off_mps4.0_fib_diag_emph,BTC/USDT,1d,breakout,False,False,4.0,40,0.525,2.254,0.3565,1.2207,-0.5986,14.261,4.39,0.3256,4,4.59,0.537,False,27,0.3333,1.403,0.138,1.4425,-0.5142,3.726,4.352,2.1907,6,2.793,0.2136,True,False
BTCUSDT_1d_breakout_neely-off_vol-off_mps2.5_default,BTC/USDT,1d,breakout,False,False,2.5,40,0.525,2.254,0.3565,1.2207,-0.5986,14.261,4.39,0.3256,4,4.59,0.537,False,27,0.3333,1.403,0.138,1.4425,-0.5142,3.726,4.352,2.1907,6,2.793,0.2136,True,False
BTCUSDT_1d_breakout_neely-off_vol-off_mps2.5_fib_diag_emph,BTC/USDT,1d,breakout,False,False,2.5,40,0.525,2.254,0.3565,1.2207,-0.5986,14.261,4.39,0.3256,4,4.59,0.537,False,27,0.3333,1.403,0.138,1.4425,-0.5142,3.726,4.352,2.1907,6,2.793,0.2136,True,False
BTCUSDT_1d_breakout_neely-off_vol-off_mps3.0_default,BTC/USDT,1d,breakout,False,False,3.0,40,0.525,2.254,0.3565,1.2207,-0.5986,14.261,4.39,0.3256,4,4.59,0.537,False,27,0.3333,1.403,0.138,1.4425,-0.5142,3.726,4.352,2.1907,6,2.793,0.2136,True,False
BTCUSDT_1d_breakout_neely-off_vol-off_mps3.0_fib_diag_emph,BTC/USDT,1d,breakout,False,False,3.0,40,0.525,2.254,0.3565,1.2207,-0.5986,14.261,4.39,0.3256,4,4.59,0.537,False,27,0.3333,1.403,0.138,1.4425,-0.5142,3.726,4.352,2.1907,6,2.793,0.2136,True,False
BTCUSDT_1d_breakout_neely-off_vol-off_mps4.0_default,BTC/USDT,1d,breakout,False,False,4.0,40,0.525,2.254,0.3565,1.2207,-0.5986,14.261,4.39,0.3256,4,4.59,0.537,False,27,0.3333,1.403,0.138,1.4425,-0.5142,3.726,4.352,2.1907,6,2.793,0.2136,True,False
BTCUSDT_1d_breakout_neely-off_vol-off_mps4.0_fib_diag_emph,BTC/USDT,1d,breakout,False,False,4.0,40,0.525,2.254,0.3565,1.2207,-0.5986,14.261,4.39,0.3256,4,4.59,0.537,False,27,0.3333,1.403,0.138,1.4425,-0.5142,3.726,4.352,2.1907,6,2.793,0.2136,True,False
BTCUSDT_1d_breakout_neely-off_vol-off_mps2.5_default,BTC/USDT,1d,breakout,False,False,2.5,40,0.525,2.254,0.3565,1.2207,-0.5986,14.261,4.39,0.3256,4,4.59,0.537,False,27,0.3333,1.403,0.138,1.4425,-0.5142,3.726,4.352,2.1907,6,2.793,0.2136,True,False
BTCUSDT_1d_breakout_neely-off_vol-off_mps2.5_fib_diag_emph,BTC/USDT,1d,breakout,False,False,2.5,40,0.525,2.254,0.3565,1.2207,-0.5986,14.261,4.39,0.3256,4,4.59,0.537,False,27,0.3333,1.403,0.138,1.4425,-0.5142,3.726,4.352,2.1907,6,2.793,0.2136,True,False
BTCUSDT_1d_breakout_neely-off_vol-off_mps3.0_default,BTC/USDT,1d,breakout,False,False,3.0,40,0.525,2.254,0.3565,1.2207,-0.5986,14.261,4.39,0.3256,4,4.59,0.537,False,27,0.3333,1.403,0.138,1.4425,-0.5142,3.726,4.352,2.1907,6,2.793,0.2136,True,False
BTCUSDT_1d_breakout_neely-off_vol-off_mps3.0_fib_diag_emph,BTC/USDT,1d,breakout,False,False,3.0,40,0.525,2.254,0.3565,1.2207,-0.5986,14.261,4.39,0.3256,4,4.59,0.537,False,27,0.3333,1.403,0.138,1.4425,-0.5142,3.726,4.352,2.1907,6,2.793,0.2136,True,False
BTCUSDT_1d_breakout_neely-off_vol-off_mps4.0_default,BTC/USDT,1d,breakout,False,False,4.0,40,0.525,2.254,0.3565,1.2207,-0.5986,14.261,4.39,0.3256,4,4.59,0.537,False,27,0.3333,1.403,0.138,1.4425,-0.5142,3.726,4.352,2.1907,6,2.793,0.2136,True,False
BTCUSDT_1d_breakout_neely-off_vol-off_mps4.0_fib_diag_emph,BTC/USDT,1d,breakout,False,False,4.0,40,0.525,2.254,0.3565,1.2207,-0.5986,14.261,4.39,0.3256,4,4.59,0.537,False,27,0.3333,1.403,0.138,1.4425,-0.5142,3.726,4.352,2.1907,6,2.793,0.2136,True,False
BTCUSDT_1d_both_neely-off_vol-off_mps2.5_default,BTC/USDT,1d,both,False,False,2.5,28,0.3929,0.689,-0.1367,0.7695,-0.723,-3.827,8.694,3.3135,6,-1.232,0.4515,True,20,0.25,0.785,-0.0777,1.137,-0.4826,-1.554,5.407,2.7216,6,-1.165,0.2053,True,False
BTCUSDT_1d_both_neely-off_vol-off_mps2.5_fib_diag_emph,BTC/USDT,1d,both,False,False,2.5,30,0.4,0.634,-0.1625,0.7028,-0.7393,-4.874,9.71,3.6998,7,-1.569,0.4127,False,20,0.2,0.503,-0.205,1.0395,-0.5162,-4.101,6.43,3.2366,6,-3.073,0.2177,True,False
BTCUSDT_1d_both_neely-off_vol-off_mps3.0_default,BTC/USDT,1d,both,False,False,3.0,40,0.525,1.991,0.3078,1.1779,-0.6538,12.313,3.48,0.368,5,3.963,0.4656,False,20,0.25,0.785,-0.0777,1.137,-0.4826,-1.554,5.407,2.7216,6,-1.165,0.2053,True,True
BTCUSDT_1d_both_neely-off_vol-off_mps3.0_fib_diag_emph,BTC/USDT,1d,both,False,False,3.0,33,0.4545,0.941,-0.0239,0.8348,-0.7395,-0.79,9.71,3.6998,7,-0.254,0.4286,False,20,0.2,0.503,-0.205,1.0395,-0.5162,-4.101,6.43,3.2366,6,-3.073,0.2177,True,False
BTCUSDT_1d_both_neely-off_vol-off_mps4.0_default,BTC/USDT,1d,both,False,False,4.0,42,0.5,1.775,0.2665,1.2211,-0.6881,11.192,5.409,0.519,5,3.602,0.4929,False,21,0.2857,0.826,-0.0596,0.9882,-0.4788,-1.252,5.327,2.6812,5,-0.939,0.1828,True,True
BTCUSDT_1d_both_neely-off_vol-off_mps4.0_fib_diag_emph,BTC/USDT,1d,both,False,False,4.0,42,0.5,1.709,0.2439,1.176,-0.6881,10.245,5.508,0.5824,7,3.298,0.4718,False,19,0.2105,0.562,-0.1881,1.1465,-0.544,-3.574,6.331,3.1869,6,-2.679,0.3285,True,True
BTCUSDT_1d_both_neely-off_vol-off_mps2.5_default,BTC/USDT,1d,both,False,False,2.5,28,0.3929,0.689,-0.1367,0.7695,-0.723,-3.827,8.694,3.3135,6,-1.232,0.4515,True,20,0.25,0.785,-0.0777,1.137,-0.4826,-1.554,5.407,2.7216,6,-1.165,0.2053,True,False
BTCUSDT_1d_both_neely-off_vol-off_mps2.5_fib_diag_emph,BTC/USDT,1d,both,False,False,2.5,30,0.4,0.634,-0.1625,0.7028,-0.7393,-4.874,9.71,3.6998,7,-1.569,0.4127,False,20,0.2,0.503,-0.205,1.0395,-0.5162,-4.101,6.43,3.2366,6,-3.073,0.2177,True,False
BTCUSDT_1d_both_neely-off_vol-off_mps3.0_default,BTC/USDT,1d,both,False,False,3.0,40,0.525,1.991,0.3078,1.1779,-0.6538,12.313,3.48,0.368,5,3.963,0.4656,False,20,0.25,0.785,-0.0777,1.137,-0.4826,-1.554,5.407,2.7216,6,-1.165,0.2053,True,True
BTCUSDT_1d_both_neely-off_vol-off_mps3.0_fib_diag_emph,BTC/USDT,1d,both,False,False,3.0,33,0.4545,0.941,-0.0239,0.8348,-0.7395,-0.79,9.71,3.6998,7,-0.254,0.4286,False,20,0.2,0.503,-0.205,1.0395,-0.5162,-4.101,6.43,3.2366,6,-3.073,0.2177,True,False
BTCUSDT_1d_both_neely-off_vol-off_mps4.0_default,BTC/USDT,1d,both,False,False,4.0,42,0.5,1.775,0.2665,1.2211,-0.6881,11.192,5.409,0.519,5,3.602,0.4929,False,21,0.2857,0.826,-0.0596,0.9882,-0.4788,-1.252,5.327,2.6812,5,-0.939,0.1828,True,True
BTCUSDT_1d_both_neely-off_vol-off_mps4.0_fib_diag_emph,BTC/USDT,1d,both,False,False,4.0,42,0.5,1.709,0.2439,1.176,-0.6881,10.245,5.508,0.5824,7,3.298,0.4718,False,19,0.2105,0.562,-0.1881,1.1465,-0.544,-3.574,6.331,3.1869,6,-2.679,0.3285,True,True
BTCUSDT_1d_both_neely-off_vol-off_mps2.5_default,BTC/USDT,1d,both,False,False,2.5,28,0.3929,0.689,-0.1367,0.7695,-0.723,-3.827,8.694,3.3135,6,-1.232,0.4515,True,20,0.25,0.785,-0.0777,1.137,-0.4826,-1.554,5.407,2.7216,6,-1.165,0.2053,True,False
BTCUSDT_1d_both_neely-off_vol-off_mps2.5_fib_diag_emph,BTC/USDT,1d,both,False,False,2.5,30,0.4,0.634,-0.1625,0.7028,-0.7393,-4.874,9.71,3.6998,7,-1.569,0.4127,False,20,0.2,0.503,-0.205,1.0395,-0.5162,-4.101,6.43,3.2366,6,-3.073,0.2177,True,False
BTCUSDT_1d_both_neely-off_vol-off_mps3.0_default,BTC/USDT,1d,both,False,False,3.0,40,0.525,1.991,0.3078,1.1779,-0.6538,12.313,3.48,0.368,5,3.963,0.4656,False,20,0.25,0.785,-0.0777,1.137,-0.4826,-1.554,5.407,2.7216,6,-1.165,0.2053,True,True
BTCUSDT_1d_both_neely-off_vol-off_mps3.0_fib_diag_emph,BTC/USDT,1d,both,False,False,3.0,33,0.4545,0.941,-0.0239,0.8348,-0.7395,-0.79,9.71,3.6998,7,-0.254,0.4286,False,20,0.2,0.503,-0.205,1.0395,-0.5162,-4.101,6.43,3.2366,6,-3.073,0.2177,True,False
BTCUSDT_1d_both_neely-off_vol-off_mps4.0_default,BTC/USDT,1d,both,False,False,4.0,42,0.5,1.775,0.2665,1.2211,-0.6881,11.192,5.409,0.519,5,3.602,0.4929,False,21,0.2857,0.826,-0.0596,0.9882,-0.4788,-1.252,5.327,2.6812,5,-0.939,0.1828,True,True
BTCUSDT_1d_both_neely-off_vol-off_mps4.0_fib_diag_emph,BTC/USDT,1d,both,False,False,4.0,42,0.5,1.709,0.2439,1.176,-0.6881,10.245,5.508,0.5824,7,3.298,0.4718,False,19,0.2105,0.562,-0.1881,1.1465,-0.544,-3.574,6.331,3.1869,6,-2.679,0.3285,True,True
BTCUSDT_1d_both_neely-off_vol-off_mps2.5_default,BTC/USDT,1d,both,False,False,2.5,28,0.3929,0.689,-0.1367,0.7695,-0.723,-3.827,8.694,3.3135,6,-1.232,0.4515,True,20,0.25,0.785,-0.0777,1.137,-0.4826,-1.554,5.407,2.7216,6,-1.165,0.2053,True,False
BTCUSDT_1d_both_neely-off_vol-off_mps2.5_fib_diag_emph,BTC/USDT,1d,both,False,False,2.5,30,0.4,0.634,-0.1625,0.7028,-0.7393,-4.874,9.71,3.6998,7,-1.569,0.4127,False,20,0.2,0.503,-0.205,1.0395,-0.5162,-4.101,6.43,3.2366,6,-3.073,0.2177,True,False
BTCUSDT_1d_both_neely-off_vol-off_mps3.0_default,BTC/USDT,1d,both,False,False,3.0,40,0.525,1.991,0.3078,1.1779,-0.6538,12.313,3.48,0.368,5,3.963,0.4656,False,20,0.25,0.785,-0.0777,1.137,-0.4826,-1.554,5.407,2.7216,6,-1.165,0.2053,True,True
BTCUSDT_1d_both_neely-off_vol-off_mps3.0_fib_diag_emph,BTC/USDT,1d,both,False,False,3.0,33,0.4545,0.941,-0.0239,0.8348,-0.7395,-0.79,9.71,3.6998,7,-0.254,0.4286,False,20,0.2,0.503,-0.205,1.0395,-0.5162,-4.101,6.43,3.2366,6,-3.073,0.2177,True,False
BTCUSDT_1d_both_neely-off_vol-off_mps4.0_default,BTC/USDT,1d,both,False,False,4.0,42,0.5,1.775,0.2665,1.2211,-0.6881,11.192,5.409,0.519,5,3.602,0.4929,False,21,0.2857,0.826,-0.0596,0.9882,-0.4788,-1.252,5.327,2.6812,5,-0.939,0.1828,True,True
BTCUSDT_1d_both_neely-off_vol-off_mps4.0_fib_diag_emph,BTC/USDT,1d,both,False,False,4.0,42,0.5,1.709,0.2439,1.176,-0.6881,10.245,5.508,0.5824,7,3.298,0.4718,False,19,0.2105,0.562,-0.1881,1.1465,-0.544,-3.574,6.331,3.1869,6,-2.679,0.3285,True,True
BTCUSDT_4h_reversion_neely-off_vol-off_mps2.5_default,BTC/USDT,4h,reversion,False,False,2.5,98,0.2449,0.586,-0.3326,1.9212,-1.0636,-32.598,32.6,13876.0245,12,-10.491,0.2816,False,43,0.3256,0.89,-0.0794,1.9642,-1.066,-3.413,10.013,1.9277,8,-2.563,0.2893,False,False
BTCUSDT_4h_reversion_neely-off_vol-off_mps2.5_fib_diag_emph,BTC/USDT,4h,reversion,False,False,2.5,107,0.271,0.661,-0.2631,1.8909,-1.0639,-28.149,29.852,17.5232,10,-9.059,0.2983,False,41,0.3415,0.935,-0.0458,1.9242,-1.0672,-1.877,11.102,1.6417,8,-1.409,0.2989,False,False
BTCUSDT_4h_reversion_neely-off_vol-off_mps3.0_default,BTC/USDT,4h,reversion,False,False,3.0,82,0.2683,0.646,-0.2763,1.8771,-1.0659,-22.658,22.658,0.0,9,-7.292,0.2163,False,35,0.4,1.266,0.1699,2.0222,-1.065,5.945,6.593,1.1405,6,4.464,0.2503,False,False
BTCUSDT_4h_reversion_neely-off_vol-off_mps3.0_fib_diag_emph,BTC/USDT,4h,reversion,False,False,3.0,100,0.28,0.688,-0.2391,1.8827,-1.0642,-23.906,24.65,33.1478,8,-7.694,0.2585,False,40,0.35,0.977,-0.0161,1.9368,-1.0676,-0.642,11.117,1.4187,8,-0.482,0.2835,False,False
BTCUSDT_4h_reversion_neely-off_vol-off_mps4.0_default,BTC/USDT,4h,reversion,False,False,4.0,39,0.2821,0.617,-0.293,1.6739,-1.0657,-11.427,13.26,7.2356,6,-3.677,0.1515,False,21,0.3333,0.85,-0.1057,1.7922,-1.0547,-2.22,6.155,1.5643,4,-1.667,0.1347,True,False
BTCUSDT_4h_reversion_neely-off_vol-off_mps4.0_fib_diag_emph,BTC/USDT,4h,reversion,False,False,4.0,73,0.3014,0.698,-0.2239,1.7199,-1.0623,-16.343,16.828,0.0,7,-5.259,0.211,False,29,0.3793,1.012,0.0082,1.7783,-1.0735,0.237,7.81,0.9967,7,0.178,0.1563,True,False
BTCUSDT_4h_reversion_neely-off_vol-off_mps2.5_default,BTC/USDT,4h,reversion,False,False,2.5,98,0.2449,0.586,-0.3326,1.9212,-1.0636,-32.598,32.6,13876.0245,12,-10.491,0.2816,False,43,0.3256,0.89,-0.0794,1.9642,-1.066,-3.413,10.013,1.9277,8,-2.563,0.2893,False,False
BTCUSDT_4h_reversion_neely-off_vol-off_mps2.5_fib_diag_emph,BTC/USDT,4h,reversion,False,False,2.5,107,0.271,0.661,-0.2631,1.8909,-1.0639,-28.149,29.852,17.5232,10,-9.059,0.2983,False,41,0.3415,0.935,-0.0458,1.9242,-1.0672,-1.877,11.102,1.6417,8,-1.409,0.2989,False,False
BTCUSDT_4h_reversion_neely-off_vol-off_mps3.0_default,BTC/USDT,4h,reversion,False,False,3.0,82,0.2683,0.646,-0.2763,1.8771,-1.0659,-22.658,22.658,0.0,9,-7.292,0.2163,False,35,0.4,1.266,0.1699,2.0222,-1.065,5.945,6.593,1.1405,6,4.464,0.2503,False,False
BTCUSDT_4h_reversion_neely-off_vol-off_mps3.0_fib_diag_emph,BTC/USDT,4h,reversion,False,False,3.0,100,0.28,0.688,-0.2391,1.8827,-1.0642,-23.906,24.65,33.1478,8,-7.694,0.2585,False,40,0.35,0.977,-0.0161,1.9368,-1.0676,-0.642,11.117,1.4187,8,-0.482,0.2835,False,False
BTCUSDT_4h_reversion_neely-off_vol-off_mps4.0_default,BTC/USDT,4h,reversion,False,False,4.0,39,0.2821,0.617,-0.293,1.6739,-1.0657,-11.427,13.26,7.2356,6,-3.677,0.1515,False,21,0.3333,0.85,-0.1057,1.7922,-1.0547,-2.22,6.155,1.5643,4,-1.667,0.1347,True,False
BTCUSDT_4h_reversion_neely-off_vol-off_mps4.0_fib_diag_emph,BTC/USDT,4h,reversion,False,False,4.0,73,0.3014,0.698,-0.2239,1.7199,-1.0623,-16.343,16.828,0.0,7,-5.259,0.211,False,29,0.3793,1.012,0.0082,1.7783,-1.0735,0.237,7.81,0.9967,7,0.178,0.1563,True,False
BTCUSDT_4h_reversion_neely-off_vol-off_mps2.5_default,BTC/USDT,4h,reversion,False,False,2.5,98,0.2449,0.586,-0.3326,1.9212,-1.0636,-32.598,32.6,13876.0245,12,-10.491,0.2816,False,43,0.3256,0.89,-0.0794,1.9642,-1.066,-3.413,10.013,1.9277,8,-2.563,0.2893,False,False
BTCUSDT_4h_reversion_neely-off_vol-off_mps2.5_fib_diag_emph,BTC/USDT,4h,reversion,False,False,2.5,107,0.271,0.661,-0.2631,1.8909,-1.0639,-28.149,29.852,17.5232,10,-9.059,0.2983,False,41,0.3415,0.935,-0.0458,1.9242,-1.0672,-1.877,11.102,1.6417,8,-1.409,0.2989,False,False
BTCUSDT_4h_reversion_neely-off_vol-off_mps3.0_default,BTC/USDT,4h,reversion,False,False,3.0,82,0.2683,0.646,-0.2763,1.8771,-1.0659,-22.658,22.658,0.0,9,-7.292,0.2163,False,35,0.4,1.266,0.1699,2.0222,-1.065,5.945,6.593,1.1405,6,4.464,0.2503,False,False
BTCUSDT_4h_reversion_neely-off_vol-off_mps3.0_fib_diag_emph,BTC/USDT,4h,reversion,False,False,3.0,100,0.28,0.688,-0.2391,1.8827,-1.0642,-23.906,24.65,33.1478,8,-7.694,0.2585,False,40,0.35,0.977,-0.0161,1.9368,-1.0676,-0.642,11.117,1.4187,8,-0.482,0.2835,False,False
BTCUSDT_4h_reversion_neely-off_vol-off_mps4.0_default,BTC/USDT,4h,reversion,False,False,4.0,39,0.2821,0.617,-0.293,1.6739,-1.0657,-11.427,13.26,7.2356,6,-3.677,0.1515,False,21,0.3333,0.85,-0.1057,1.7922,-1.0547,-2.22,6.155,1.5643,4,-1.667,0.1347,True,False
BTCUSDT_4h_reversion_neely-off_vol-off_mps4.0_fib_diag_emph,BTC/USDT,4h,reversion,False,False,4.0,73,0.3014,0.698,-0.2239,1.7199,-1.0623,-16.343,16.828,0.0,7,-5.259,0.211,False,29,0.3793,1.012,0.0082,1.7783,-1.0735,0.237,7.81,0.9967,7,0.178,0.1563,True,False
BTCUSDT_4h_reversion_neely-off_vol-off_mps2.5_default,BTC/USDT,4h,reversion,False,False,2.5,98,0.2449,0.586,-0.3326,1.9212,-1.0636,-32.598,32.6,13876.0245,12,-10.491,0.2816,False,43,0.3256,0.89,-0.0794,1.9642,-1.066,-3.413,10.013,1.9277,8,-2.563,0.2893,False,False
BTCUSDT_4h_reversion_neely-off_vol-off_mps2.5_fib_diag_emph,BTC/USDT,4h,reversion,False,False,2.5,107,0.271,0.661,-0.2631,1.8909,-1.0639,-28.149,29.852,17.5232,10,-9.059,0.2983,False,41,0.3415,0.935,-0.0458,1.9242,-1.0672,-1.877,11.102,1.6417,8,-1.409,0.2989,False,False
BTCUSDT_4h_reversion_neely-off_vol-off_mps3.0_default,BTC/USDT,4h,reversion,False,False,3.0,82,0.2683,0.646,-0.2763,1.8771,-1.0659,-22.658,22.658,0.0,9,-7.292,0.2163,False,35,0.4,1.266,0.1699,2.0222,-1.065,5.945,6.593,1.1405,6,4.464,0.2503,False,False
BTCUSDT_4h_reversion_neely-off_vol-off_mps3.0_fib_diag_emph,BTC/USDT,4h,reversion,False,False,3.0,100,0.28,0.688,-0.2391,1.8827,-1.0642,-23.906,24.65,33.1478,8,-7.694,0.2585,False,40,0.35,0.977,-0.0161,1.9368,-1.0676,-0.642,11.117,1.4187,8,-0.482,0.2835,False,False
BTCUSDT_4h_reversion_neely-off_vol-off_mps4.0_default,BTC/USDT,4h,reversion,False,False,4.0,39,0.2821,0.617,-0.293,1.6739,-1.0657,-11.427,13.26,7.2356,6,-3.677,0.1515,False,21,0.3333,0.85,-0.1057,1.7922,-1.0547,-2.22,6.155,1.5643,4,-1.667,0.1347,True,False
BTCUSDT_4h_reversion_neely-off_vol-off_mps4.0_fib_diag_emph,BTC/USDT,4h,reversion,False,False,4.0,73,0.3014,0.698,-0.2239,1.7199,-1.0623,-16.343,16.828,0.0,7,-5.259,0.211,False,29,0.3793,1.012,0.0082,1.7783,-1.0735,0.237,7.81,0.9967,7,0.178,0.1563,True,False
BTCUSDT_4h_breakout_neely-off_vol-off_mps2.5_default,BTC/USDT,4h,breakout,False,False,2.5,295,0.4576,1.432,0.1465,1.0616,-0.6256,43.213,10.909,0.2025,10,13.907,0.4325,False,138,0.3696,0.991,-0.0037,1.0688,-0.6324,-0.515,11.27,2.5104,13,-0.387,0.3778,False,True
BTCUSDT_4h_breakout_neely-off_vol-off_mps2.5_fib_diag_emph,BTC/USDT,4h,breakout,False,False,2.5,295,0.4576,1.432,0.1465,1.0616,-0.6256,43.213,10.909,0.2025,10,13.907,0.4325,False,138,0.3696,0.991,-0.0037,1.0688,-0.6324,-0.515,11.27,2.5104,13,-0.387,0.3778,False,True
BTCUSDT_4h_breakout_neely-off_vol-off_mps3.0_default,BTC/USDT,4h,breakout,False,False,3.0,295,0.4576,1.432,0.1465,1.0616,-0.6256,43.213,10.909,0.2025,10,13.907,0.4325,False,138,0.3696,0.991,-0.0037,1.0688,-0.6324,-0.515,11.27,2.5104,13,-0.387,0.3778,False,True
BTCUSDT_4h_breakout_neely-off_vol-off_mps3.0_fib_diag_emph,BTC/USDT,4h,breakout,False,False,3.0,295,0.4576,1.432,0.1465,1.0616,-0.6256,43.213,10.909,0.2025,10,13.907,0.4325,False,138,0.3696,0.991,-0.0037,1.0688,-0.6324,-0.515,11.27,2.5104,13,-0.387,0.3778,False,True
BTCUSDT_4h_breakout_neely-off_vol-off_mps4.0_default,BTC/USDT,4h,breakout,False,False,4.0,295,0.4576,1.432,0.1465,1.0616,-0.6256,43.213,10.909,0.2025,10,13.907,0.4325,False,138,0.3696,0.991,-0.0037,1.0688,-0.6324,-0.515,11.27,2.5104,13,-0.387,0.3778,False,True
BTCUSDT_4h_breakout_neely-off_vol-off_mps4.0_fib_diag_emph,BTC/USDT,4h,breakout,False,False,4.0,295,0.4576,1.432,0.1465,1.0616,-0.6256,43.213,10.909,0.2025,10,13.907,0.4325,False,138,0.3696,0.991,-0.0037,1.0688,-0.6324,-0.515,11.27,2.5104,13,-0.387,0.3778,False,True
BTCUSDT_4h_breakout_neely-off_vol-off_mps2.5_default,BTC/USDT,4h,breakout,False,False,2.5,295,0.4576,1.432,0.1465,1.0616,-0.6256,43.213,10.909,0.2025,10,13.907,0.4325,False,138,0.3696,0.991,-0.0037,1.0688,-0.6324,-0.515,11.27,2.5104,13,-0.387,0.3778,False,True
BTCUSDT_4h_breakout_neely-off_vol-off_mps2.5_fib_diag_emph,BTC/USDT,4h,breakout,False,False,2.5,295,0.4576,1.432,0.1465,1.0616,-0.6256,43.213,10.909,0.2025,10,13.907,0.4325,False,138,0.3696,0.991,-0.0037,1.0688,-0.6324,-0.515,11.27,2.5104,13,-0.387,0.3778,False,True
BTCUSDT_4h_breakout_neely-off_vol-off_mps3.0_default,BTC/USDT,4h,breakout,False,False,3.0,295,0.4576,1.432,0.1465,1.0616,-0.6256,43.213,10.909,0.2025,10,13.907,0.4325,False,138,0.3696,0.991,-0.0037,1.0688,-0.6324,-0.515,11.27,2.5104,13,-0.387,0.3778,False,True
BTCUSDT_4h_breakout_neely-off_vol-off_mps3.0_fib_diag_emph,BTC/USDT,4h,breakout,False,False,3.0,295,0.4576,1.432,0.1465,1.0616,-0.6256,43.213,10.909,0.2025,10,13.907,0.4325,False,138,0.3696,0.991,-0.0037,1.0688,-0.6324,-0.515,11.27,2.5104,13,-0.387,0.3778,False,True
BTCUSDT_4h_breakout_neely-off_vol-off_mps4.0_default,BTC/USDT,4h,breakout,False,False,4.0,295,0.4576,1.432,0.1465,1.0616,-0.6256,43.213,10.909,0.2025,10,13.907,0.4325,False,138,0.3696,0.991,-0.0037,1.0688,-0.6324,-0.515,11.27,2.5104,13,-0.387,0.3778,False,True
BTCUSDT_4h_breakout_neely-off_vol-off_mps4.0_fib_diag_emph,BTC/USDT,4h,breakout,False,False,4.0,295,0.4576,1.432,0.1465,1.0616,-0.6256,43.213,10.909,0.2025,10,13.907,0.4325,False,138,0.3696,0.991,-0.0037,1.0688,-0.6324,-0.515,11.27,2.5104,13,-0.387,0.3778,False,True
BTCUSDT_4h_breakout_neely-off_vol-off_mps2.5_default,BTC/USDT,4h,breakout,False,False,2.5,295,0.4576,1.432,0.1465,1.0616,-0.6256,43.213,10.909,0.2025,10,13.907,0.4325,False,138,0.3696,0.991,-0.0037,1.0688,-0.6324,-0.515,11.27,2.5104,13,-0.387,0.3778,False,True
BTCUSDT_4h_breakout_neely-off_vol-off_mps2.5_fib_diag_emph,BTC/USDT,4h,breakout,False,False,2.5,295,0.4576,1.432,0.1465,1.0616,-0.6256,43.213,10.909,0.2025,10,13.907,0.4325,False,138,0.3696,0.991,-0.0037,1.0688,-0.6324,-0.515,11.27,2.5104,13,-0.387,0.3778,False,True
BTCUSDT_4h_breakout_neely-off_vol-off_mps3.0_default,BTC/USDT,4h,breakout,False,False,3.0,295,0.4576,1.432,0.1465,1.0616,-0.6256,43.213,10.909,0.2025,10,13.907,0.4325,False,138,0.3696,0.991,-0.0037,1.0688,-0.6324,-0.515,11.27,2.5104,13,-0.387,0.3778,False,True
BTCUSDT_4h_breakout_neely-off_vol-off_mps3.0_fib_diag_emph,BTC/USDT,4h,breakout,False,False,3.0,295,0.4576,1.432,0.1465,1.0616,-0.6256,43.213,10.909,0.2025,10,13.907,0.4325,False,138,0.3696,0.991,-0.0037,1.0688,-0.6324,-0.515,11.27,2.5104,13,-0.387,0.3778,False,True
BTCUSDT_4h_breakout_neely-off_vol-off_mps4.0_default,BTC/USDT,4h,breakout,False,False,4.0,295,0.4576,1.432,0.1465,1.0616,-0.6256,43.213,10.909,0.2025,10,13.907,0.4325,False,138,0.3696,0.991,-0.0037,1.0688,-0.6324,-0.515,11.27,2.5104,13,-0.387,0.3778,False,True
BTCUSDT_4h_breakout_neely-off_vol-off_mps4.0_fib_diag_emph,BTC/USDT,4h,breakout,False,False,4.0,295,0.4576,1.432,0.1465,1.0616,-0.6256,43.213,10.909,0.2025,10,13.907,0.4325,False,138,0.3696,0.991,-0.0037,1.0688,-0.6324,-0.515,11.27,2.5104,13,-0.387,0.3778,False,True
BTCUSDT_4h_breakout_neely-off_vol-off_mps2.5_default,BTC/USDT,4h,breakout,False,False,2.5,295,0.4576,1.432,0.1465,1.0616,-0.6256,43.213,10.909,0.2025,10,13.907,0.4325,False,138,0.3696,0.991,-0.0037,1.0688,-0.6324,-0.515,11.27,2.5104,13,-0.387,0.3778,False,True
BTCUSDT_4h_breakout_neely-off_vol-off_mps2.5_fib_diag_emph,BTC/USDT,4h,breakout,False,False,2.5,295,0.4576,1.432,0.1465,1.0616,-0.6256,43.213,10.909,0.2025,10,13.907,0.4325,False,138,0.3696,0.991,-0.0037,1.0688,-0.6324,-0.515,11.27,2.5104,13,-0.387,0.3778,False,True
BTCUSDT_4h_breakout_neely-off_vol-off_mps3.0_default,BTC/USDT,4h,breakout,False,False,3.0,295,0.4576,1.432,0.1465,1.0616,-0.6256,43.213,10.909,0.2025,10,13.907,0.4325,False,138,0.3696,0.991,-0.0037,1.0688,-0.6324,-0.515,11.27,2.5104,13,-0.387,0.3778,False,True
BTCUSDT_4h_breakout_neely-off_vol-off_mps3.0_fib_diag_emph,BTC/USDT,4h,breakout,False,False,3.0,295,0.4576,1.432,0.1465,1.0616,-0.6256,43.213,10.909,0.2025,10,13.907,0.4325,False,138,0.3696,0.991,-0.0037,1.0688,-0.6324,-0.515,11.27,2.5104,13,-0.387,0.3778,False,True
BTCUSDT_4h_breakout_neely-off_vol-off_mps4.0_default,BTC/USDT,4h,breakout,False,False,4.0,295,0.4576,1.432,0.1465,1.0616,-0.6256,43.213,10.909,0.2025,10,13.907,0.4325,False,138,0.3696,0.991,-0.0037,1.0688,-0.6324,-0.515,11.27,2.5104,13,-0.387,0.3778,False,True
BTCUSDT_4h_breakout_neely-off_vol-off_mps4.0_fib_diag_emph,BTC/USDT,4h,breakout,False,False,4.0,295,0.4576,1.432,0.1465,1.0616,-0.6256,43.213,10.909,0.2025,10,13.907,0.4325,False,138,0.3696,0.991,-0.0037,1.0688,-0.6324,-0.515,11.27,2.5104,13,-0.387,0.3778,False,True
BTCUSDT_4h_both_neely-off_vol-off_mps2.5_default,BTC/USDT,4h,both,False,False,2.5,238,0.3739,0.839,-0.0737,1.0269,-0.7312,-17.551,21.69,5.2407,10,-5.648,0.3403,False,107,0.3458,0.803,-0.0881,1.0378,-0.6833,-9.432,12.429,47.1943,9,-7.081,0.3181,False,False
BTCUSDT_4h_both_neely-off_vol-off_mps2.5_fib_diag_emph,BTC/USDT,4h,both,False,False,2.5,243,0.3827,0.877,-0.056,1.046,-0.7392,-13.599,18.731,3.6495,9,-4.376,0.3514,False,105,0.3524,0.827,-0.0752,1.0226,-0.6725,-7.892,13.515,7.3796,8,-5.925,0.3277,False,False
BTCUSDT_4h_both_neely-off_vol-off_mps3.0_default,BTC/USDT,4h,both,False,False,3.0,255,0.3804,0.898,-0.0452,1.0479,-0.7162,-11.514,15.021,4.2829,8,-3.705,0.3402,False,115,0.3478,0.901,-0.0427,1.1223,-0.664,-4.911,9.333,35.436,7,-3.687,0.3425,False,False
BTCUSDT_4h_both_neely-off_vol-off_mps3.0_fib_diag_emph,BTC/USDT,4h,both,False,False,3.0,252,0.3849,0.92,-0.0353,1.0587,-0.72,-8.906,15.069,2.4452,8,-2.866,0.3493,False,109,0.3394,0.774,-0.1016,1.0226,-0.6794,-11.078,15.112,11.2224,9,-8.317,0.3291,False,False
BTCUSDT_4h_both_neely-off_vol-off_mps4.0_default,BTC/USDT,4h,both,False,False,4.0,262,0.4389,1.307,0.1092,1.0598,-0.6344,28.621,11.057,0.2787,8,9.211,0.4132,False,133,0.3534,0.88,-0.0496,1.0254,-0.637,-6.591,12.724,48.8869,12,-4.948,0.3545,False,True
BTCUSDT_4h_both_neely-off_vol-off_mps4.0_fib_diag_emph,BTC/USDT,4h,both,False,False,4.0,258,0.4031,1.019,0.0078,1.0374,-0.6875,2.008,13.469,0.8702,10,0.646,0.3934,False,126,0.3492,0.901,-0.0426,1.1033,-0.6574,-5.362,12.581,9.3428,12,-4.025,0.3425,False,True
BTCUSDT_4h_both_neely-off_vol-off_mps2.5_default,BTC/USDT,4h,both,False,False,2.5,238,0.3739,0.839,-0.0737,1.0269,-0.7312,-17.551,21.69,5.2407,10,-5.648,0.3403,False,107,0.3458,0.803,-0.0881,1.0378,-0.6833,-9.432,12.429,47.1943,9,-7.081,0.3181,False,False
BTCUSDT_4h_both_neely-off_vol-off_mps2.5_fib_diag_emph,BTC/USDT,4h,both,False,False,2.5,243,0.3827,0.877,-0.056,1.046,-0.7392,-13.599,18.731,3.6495,9,-4.376,0.3514,False,105,0.3524,0.827,-0.0752,1.0226,-0.6725,-7.892,13.515,7.3796,8,-5.925,0.3277,False,False
BTCUSDT_4h_both_neely-off_vol-off_mps3.0_default,BTC/USDT,4h,both,False,False,3.0,255,0.3804,0.898,-0.0452,1.0479,-0.7162,-11.514,15.021,4.2829,8,-3.705,0.3402,False,115,0.3478,0.901,-0.0427,1.1223,-0.664,-4.911,9.333,35.436,7,-3.687,0.3425,False,False
BTCUSDT_4h_both_neely-off_vol-off_mps3.0_fib_diag_emph,BTC/USDT,4h,both,False,False,3.0,252,0.3849,0.92,-0.0353,1.0587,-0.72,-8.906,15.069,2.4452,8,-2.866,0.3493,False,109,0.3394,0.774,-0.1016,1.0226,-0.6794,-11.078,15.112,11.2224,9,-8.317,0.3291,False,False
BTCUSDT_4h_both_neely-off_vol-off_mps4.0_default,BTC/USDT,4h,both,False,False,4.0,262,0.4389,1.307,0.1092,1.0598,-0.6344,28.621,11.057,0.2787,8,9.211,0.4132,False,133,0.3534,0.88,-0.0496,1.0254,-0.637,-6.591,12.724,48.8869,12,-4.948,0.3545,False,True
BTCUSDT_4h_both_neely-off_vol-off_mps4.0_fib_diag_emph,BTC/USDT,4h,both,False,False,4.0,258,0.4031,1.019,0.0078,1.0374,-0.6875,2.008,13.469,0.8702,10,0.646,0.3934,False,126,0.3492,0.901,-0.0426,1.1033,-0.6574,-5.362,12.581,9.3428,12,-4.025,0.3425,False,True
BTCUSDT_4h_both_neely-off_vol-off_mps2.5_default,BTC/USDT,4h,both,False,False,2.5,238,0.3739,0.839,-0.0737,1.0269,-0.7312,-17.551,21.69,5.2407,10,-5.648,0.3403,False,107,0.3458,0.803,-0.0881,1.0378,-0.6833,-9.432,12.429,47.1943,9,-7.081,0.3181,False,False
BTCUSDT_4h_both_neely-off_vol-off_mps2.5_fib_diag_emph,BTC/USDT,4h,both,False,False,2.5,243,0.3827,0.877,-0.056,1.046,-0.7392,-13.599,18.731,3.6495,9,-4.376,0.3514,False,105,0.3524,0.827,-0.0752,1.0226,-0.6725,-7.892,13.515,7.3796,8,-5.925,0.3277,False,False
BTCUSDT_4h_both_neely-off_vol-off_mps3.0_default,BTC/USDT,4h,both,False,False,3.0,255,0.3804,0.898,-0.0452,1.0479,-0.7162,-11.514,15.021,4.2829,8,-3.705,0.3402,False,115,0.3478,0.901,-0.0427,1.1223,-0.664,-4.911,9.333,35.436,7,-3.687,0.3425,False,False
BTCUSDT_4h_both_neely-off_vol-off_mps3.0_fib_diag_emph,BTC/USDT,4h,both,False,False,3.0,252,0.3849,0.92,-0.0353,1.0587,-0.72,-8.906,15.069,2.4452,8,-2.866,0.3493,False,109,0.3394,0.774,-0.1016,1.0226,-0.6794,-11.078,15.112,11.2224,9,-8.317,0.3291,False,False
BTCUSDT_4h_both_neely-off_vol-off_mps4.0_default,BTC/USDT,4h,both,False,False,4.0,262,0.4389,1.307,0.1092,1.0598,-0.6344,28.621,11.057,0.2787,8,9.211,0.4132,False,133,0.3534,0.88,-0.0496,1.0254,-0.637,-6.591,12.724,48.8869,12,-4.948,0.3545,False,True
BTCUSDT_4h_both_neely-off_vol-off_mps4.0_fib_diag_emph,BTC/USDT,4h,both,False,False,4.0,258,0.4031,1.019,0.0078,1.0374,-0.6875,2.008,13.469,0.8702,10,0.646,0.3934,False,126,0.3492,0.901,-0.0426,1.1033,-0.6574,-5.362,12.581,9.3428,12,-4.025,0.3425,False,True
BTCUSDT_4h_both_neely-off_vol-off_mps2.5_default,BTC/USDT,4h,both,False,False,2.5,238,0.3739,0.839,-0.0737,1.0269,-0.7312,-17.551,21.69,5.2407,10,-5.648,0.3403,False,107,0.3458,0.803,-0.0881,1.0378,-0.6833,-9.432,12.429,47.1943,9,-7.081,0.3181,False,False
BTCUSDT_4h_both_neely-off_vol-off_mps2.5_fib_diag_emph,BTC/USDT,4h,both,False,False,2.5,243,0.3827,0.877,-0.056,1.046,-0.7392,-13.599,18.731,3.6495,9,-4.376,0.3514,False,105,0.3524,0.827,-0.0752,1.0226,-0.6725,-7.892,13.515,7.3796,8,-5.925,0.3277,False,False
BTCUSDT_4h_both_neely-off_vol-off_mps3.0_default,BTC/USDT,4h,both,False,False,3.0,255,0.3804,0.898,-0.0452,1.0479,-0.7162,-11.514,15.021,4.2829,8,-3.705,0.3402,False,115,0.3478,0.901,-0.0427,1.1223,-0.664,-4.911,9.333,35.436,7,-3.687,0.3425,False,False
BTCUSDT_4h_both_neely-off_vol-off_mps3.0_fib_diag_emph,BTC/USDT,4h,both,False,False,3.0,252,0.3849,0.92,-0.0353,1.0587,-0.72,-8.906,15.069,2.4452,8,-2.866,0.3493,False,109,0.3394,0.774,-0.1016,1.0226,-0.6794,-11.078,15.112,11.2224,9,-8.317,0.3291,False,False
BTCUSDT_4h_both_neely-off_vol-off_mps4.0_default,BTC/USDT,4h,both,False,False,4.0,262,0.4389,1.307,0.1092,1.0598,-0.6344,28.621,11.057,0.2787,8,9.211,0.4132,False,133,0.3534,0.88,-0.0496,1.0254,-0.637,-6.591,12.724,48.8869,12,-4.948,0.3545,False,True
BTCUSDT_4h_both_neely-off_vol-off_mps4.0_fib_diag_emph,BTC/USDT,4h,both,False,False,4.0,258,0.4031,1.019,0.0078,1.0374,-0.6875,2.008,13.469,0.8702,10,0.646,0.3934,False,126,0.3492,0.901,-0.0426,1.1033,-0.6574,-5.362,12.581,9.3428,12,-4.025,0.3425,False,True
BTCUSDT_1h_reversion_neely-off_vol-off_mps2.5_default,BTC/USDT,1h,reversion,False,False,2.5,517,0.3288,0.832,-0.1302,1.9584,-1.1534,-67.311,92.003,4.882,18,-21.662,0.2741,False,215,0.3628,0.997,-0.002,2.0619,-1.1771,-0.43,33.386,3.2686,15,-0.323,0.3213,False,False
BTCUSDT_1h_reversion_neely-off_vol-off_mps2.5_fib_diag_emph,BTC/USDT,1h,reversion,False,False,2.5,537,0.3464,0.877,-0.0925,1.9094,-1.1533,-49.666,76.347,4.1843,13,-15.984,0.2816,False,231,0.3636,1.007,0.0054,2.0708,-1.1749,1.246,33.068,3.1361,10,0.936,0.3313,False,False
BTCUSDT_1h_reversion_neely-off_vol-off_mps3.0_default,BTC/USDT,1h,reversion,False,False,3.0,445,0.3258,0.784,-0.169,1.8854,-1.162,-75.222,93.993,6.1986,13,-24.208,0.2134,False,183,0.377,1.107,0.0786,2.1556,-1.1784,14.39,23.543,4.1169,11,10.806,0.2381,False,False
BTCUSDT_1h_reversion_neely-off_vol-off_mps3.0_fib_diag_emph,BTC/USDT,1h,reversion,False,False,3.0,512,0.3457,0.855,-0.1104,1.8806,-1.1624,-56.544,85.711,3.806,12,-18.197,0.2596,False,226,0.3717,1.011,0.0085,2.0315,-1.1882,1.921,26.773,3.4899,9,1.442,0.278,False,False
BTCUSDT_1h_reversion_neely-off_vol-off_mps4.0_default,BTC/USDT,1h,reversion,False,False,4.0,255,0.3569,0.826,-0.1329,1.7626,-1.1848,-33.901,50.423,7.9048,9,-10.91,0.1322,False,100,0.4,1.161,0.1095,1.9756,-1.1346,10.951,10.401,0.4871,8,8.223,0.1214,False,False
BTCUSDT_1h_reversion_neely-off_vol-off_mps4.0_fib_diag_emph,BTC/USDT,1h,reversion,False,False,4.0,366,0.3607,0.838,-0.1212,1.736,-1.1689,-44.373,67.638,5.2191,12,-14.28,0.1884,False,161,0.3913,1.134,0.0947,2.0545,-1.1651,15.248,17.555,0.7751,11,11.45,0.1768,False,False
BTCUSDT_1h_reversion_neely-off_vol-off_mps2.5_default,BTC/USDT,1h,reversion,False,False,2.5,517,0.3288,0.832,-0.1302,1.9584,-1.1534,-67.311,92.003,4.882,18,-21.662,0.2741,False,215,0.3628,0.997,-0.002,2.0619,-1.1771,-0.43,33.386,3.2686,15,-0.323,0.3213,False,False
BTCUSDT_1h_reversion_neely-off_vol-off_mps2.5_fib_diag_emph,BTC/USDT,1h,reversion,False,False,2.5,537,0.3464,0.877,-0.0925,1.9094,-1.1533,-49.666,76.347,4.1843,13,-15.984,0.2816,False,231,0.3636,1.007,0.0054,2.0708,-1.1749,1.246,33.068,3.1361,10,0.936,0.3313,False,False
BTCUSDT_1h_reversion_neely-off_vol-off_mps3.0_default,BTC/USDT,1h,reversion,False,False,3.0,445,0.3258,0.784,-0.169,1.8854,-1.162,-75.222,93.993,6.1986,13,-24.208,0.2134,False,183,0.377,1.107,0.0786,2.1556,-1.1784,14.39,23.543,4.1169,11,10.806,0.2381,False,False
BTCUSDT_1h_reversion_neely-off_vol-off_mps3.0_fib_diag_emph,BTC/USDT,1h,reversion,False,False,3.0,512,0.3457,0.855,-0.1104,1.8806,-1.1624,-56.544,85.711,3.806,12,-18.197,0.2596,False,226,0.3717,1.011,0.0085,2.0315,-1.1882,1.921,26.773,3.4899,9,1.442,0.278,False,False
BTCUSDT_1h_reversion_neely-off_vol-off_mps4.0_default,BTC/USDT,1h,reversion,False,False,4.0,255,0.3569,0.826,-0.1329,1.7626,-1.1848,-33.901,50.423,7.9048,9,-10.91,0.1322,False,100,0.4,1.161,0.1095,1.9756,-1.1346,10.951,10.401,0.4871,8,8.223,0.1214,False,False
BTCUSDT_1h_reversion_neely-off_vol-off_mps4.0_fib_diag_emph,BTC/USDT,1h,reversion,False,False,4.0,366,0.3607,0.838,-0.1212,1.736,-1.1689,-44.373,67.638,5.2191,12,-14.28,0.1884,False,161,0.3913,1.134,0.0947,2.0545,-1.1651,15.248,17.555,0.7751,11,11.45,0.1768,False,False
BTCUSDT_1h_reversion_neely-off_vol-off_mps2.5_default,BTC/USDT,1h,reversion,False,False,2.5,517,0.3288,0.832,-0.1302,1.9584,-1.1534,-67.311,92.003,4.882,18,-21.662,0.2741,False,215,0.3628,0.997,-0.002,2.0619,-1.1771,-0.43,33.386,3.2686,15,-0.323,0.3213,False,False
BTCUSDT_1h_reversion_neely-off_vol-off_mps2.5_fib_diag_emph,BTC/USDT,1h,reversion,False,False,2.5,537,0.3464,0.877,-0.0925,1.9094,-1.1533,-49.666,76.347,4.1843,13,-15.984,0.2816,False,231,0.3636,1.007,0.0054,2.0708,-1.1749,1.246,33.068,3.1361,10,0.936,0.3313,False,False
BTCUSDT_1h_reversion_neely-off_vol-off_mps3.0_default,BTC/USDT,1h,reversion,False,False,3.0,445,0.3258,0.784,-0.169,1.8854,-1.162,-75.222,93.993,6.1986,13,-24.208,0.2134,False,183,0.377,1.107,0.0786,2.1556,-1.1784,14.39,23.543,4.1169,11,10.806,0.2381,False,False
BTCUSDT_1h_reversion_neely-off_vol-off_mps3.0_fib_diag_emph,BTC/USDT,1h,reversion,False,False,3.0,512,0.3457,0.855,-0.1104,1.8806,-1.1624,-56.544,85.711,3.806,12,-18.197,0.2596,False,226,0.3717,1.011,0.0085,2.0315,-1.1882,1.921,26.773,3.4899,9,1.442,0.278,False,False
BTCUSDT_1h_reversion_neely-off_vol-off_mps4.0_default,BTC/USDT,1h,reversion,False,False,4.0,255,0.3569,0.826,-0.1329,1.7626,-1.1848,-33.901,50.423,7.9048,9,-10.91,0.1322,False,100,0.4,1.161,0.1095,1.9756,-1.1346,10.951,10.401,0.4871,8,8.223,0.1214,False,False
BTCUSDT_1h_reversion_neely-off_vol-off_mps4.0_fib_diag_emph,BTC/USDT,1h,reversion,False,False,4.0,366,0.3607,0.838,-0.1212,1.736,-1.1689,-44.373,67.638,5.2191,12,-14.28,0.1884,False,161,0.3913,1.134,0.0947,2.0545,-1.1651,15.248,17.555,0.7751,11,11.45,0.1768,False,False
BTCUSDT_1h_reversion_neely-off_vol-off_mps2.5_default,BTC/USDT,1h,reversion,False,False,2.5,517,0.3288,0.832,-0.1302,1.9584,-1.1534,-67.311,92.003,4.882,18,-21.662,0.2741,False,215,0.3628,0.997,-0.002,2.0619,-1.1771,-0.43,33.386,3.2686,15,-0.323,0.3213,False,False
BTCUSDT_1h_reversion_neely-off_vol-off_mps2.5_fib_diag_emph,BTC/USDT,1h,reversion,False,False,2.5,537,0.3464,0.877,-0.0925,1.9094,-1.1533,-49.666,76.347,4.1843,13,-15.984,0.2816,False,231,0.3636,1.007,0.0054,2.0708,-1.1749,1.246,33.068,3.1361,10,0.936,0.3313,False,False
BTCUSDT_1h_reversion_neely-off_vol-off_mps3.0_default,BTC/USDT,1h,reversion,False,False,3.0,445,0.3258,0.784,-0.169,1.8854,-1.162,-75.222,93.993,6.1986,13,-24.208,0.2134,False,183,0.377,1.107,0.0786,2.1556,-1.1784,14.39,23.543,4.1169,11,10.806,0.2381,False,False
BTCUSDT_1h_reversion_neely-off_vol-off_mps3.0_fib_diag_emph,BTC/USDT,1h,reversion,False,False,3.0,512,0.3457,0.855,-0.1104,1.8806,-1.1624,-56.544,85.711,3.806,12,-18.197,0.2596,False,226,0.3717,1.011,0.0085,2.0315,-1.1882,1.921,26.773,3.4899,9,1.442,0.278,False,False
BTCUSDT_1h_reversion_neely-off_vol-off_mps4.0_default,BTC/USDT,1h,reversion,False,False,4.0,255,0.3569,0.826,-0.1329,1.7626,-1.1848,-33.901,50.423,7.9048,9,-10.91,0.1322,False,100,0.4,1.161,0.1095,1.9756,-1.1346,10.951,10.401,0.4871,8,8.223,0.1214,False,False
BTCUSDT_1h_reversion_neely-off_vol-off_mps4.0_fib_diag_emph,BTC/USDT,1h,reversion,False,False,4.0,366,0.3607,0.838,-0.1212,1.736,-1.1689,-44.373,67.638,5.2191,12,-14.28,0.1884,False,161,0.3913,1.134,0.0947,2.0545,-1.1651,15.248,17.555,0.7751,11,11.45,0.1768,False,False
BTCUSDT_1h_breakout_neely-off_vol-off_mps2.5_default,BTC/USDT,1h,breakout,False,False,2.5,1121,0.3238,0.878,-0.0485,1.0816,-0.5897,-54.402,56.841,23.3033,19,-17.508,0.3989,False,493,0.3834,0.968,-0.0127,0.9898,-0.636,-6.279,27.585,2.502,18,-4.715,0.4362,False,False
BTCUSDT_1h_breakout_neely-off_vol-off_mps2.5_fib_diag_emph,BTC/USDT,1h,breakout,False,False,2.5,1121,0.3238,0.878,-0.0485,1.0816,-0.5897,-54.402,56.841,23.3033,19,-17.508,0.3989,False,493,0.3834,0.968,-0.0127,0.9898,-0.636,-6.279,27.585,2.502,18,-4.715,0.4362,False,False
BTCUSDT_1h_breakout_neely-off_vol-off_mps3.0_default,BTC/USDT,1h,breakout,False,False,3.0,1121,0.3238,0.878,-0.0485,1.0816,-0.5897,-54.402,56.841,23.3033,19,-17.508,0.3989,False,493,0.3834,0.968,-0.0127,0.9898,-0.636,-6.279,27.585,2.502,18,-4.715,0.4362,False,False
BTCUSDT_1h_breakout_neely-off_vol-off_mps3.0_fib_diag_emph,BTC/USDT,1h,breakout,False,False,3.0,1121,0.3238,0.878,-0.0485,1.0816,-0.5897,-54.402,56.841,23.3033,19,-17.508,0.3989,False,493,0.3834,0.968,-0.0127,0.9898,-0.636,-6.279,27.585,2.502,18,-4.715,0.4362,False,False
BTCUSDT_1h_breakout_neely-off_vol-off_mps4.0_default,BTC/USDT,1h,breakout,False,False,4.0,1121,0.3238,0.878,-0.0485,1.0816,-0.5897,-54.402,56.841,23.3033,19,-17.508,0.3989,False,493,0.3834,0.968,-0.0127,0.9898,-0.636,-6.279,27.585,2.502,18,-4.715,0.4362,False,False
BTCUSDT_1h_breakout_neely-off_vol-off_mps4.0_fib_diag_emph,BTC/USDT,1h,breakout,False,False,4.0,1121,0.3238,0.878,-0.0485,1.0816,-0.5897,-54.402,56.841,23.3033,19,-17.508,0.3989,False,493,0.3834,0.968,-0.0127,0.9898,-0.636,-6.279,27.585,2.502,18,-4.715,0.4362,False,False
BTCUSDT_1h_breakout_neely-off_vol-off_mps2.5_default,BTC/USDT,1h,breakout,False,False,2.5,1121,0.3238,0.878,-0.0485,1.0816,-0.5897,-54.402,56.841,23.3033,19,-17.508,0.3989,False,493,0.3834,0.968,-0.0127,0.9898,-0.636,-6.279,27.585,2.502,18,-4.715,0.4362,False,False
BTCUSDT_1h_breakout_neely-off_vol-off_mps2.5_fib_diag_emph,BTC/USDT,1h,breakout,False,False,2.5,1121,0.3238,0.878,-0.0485,1.0816,-0.5897,-54.402,56.841,23.3033,19,-17.508,0.3989,False,493,0.3834,0.968,-0.0127,0.9898,-0.636,-6.279,27.585,2.502,18,-4.715,0.4362,False,False
BTCUSDT_1h_breakout_neely-off_vol-off_mps3.0_default,BTC/USDT,1h,breakout,False,False,3.0,1121,0.3238,0.878,-0.0485,1.0816,-0.5897,-54.402,56.841,23.3033,19,-17.508,0.3989,False,493,0.3834,0.968,-0.0127,0.9898,-0.636,-6.279,27.585,2.502,18,-4.715,0.4362,False,False
BTCUSDT_1h_breakout_neely-off_vol-off_mps3.0_fib_diag_emph,BTC/USDT,1h,breakout,False,False,3.0,1121,0.3238,0.878,-0.0485,1.0816,-0.5897,-54.402,56.841,23.3033,19,-17.508,0.3989,False,493,0.3834,0.968,-0.0127,0.9898,-0.636,-6.279,27.585,2.502,18,-4.715,0.4362,False,False
BTCUSDT_1h_breakout_neely-off_vol-off_mps4.0_default,BTC/USDT,1h,breakout,False,False,4.0,1121,0.3238,0.878,-0.0485,1.0816,-0.5897,-54.402,56.841,23.3033,19,-17.508,0.3989,False,493,0.3834,0.968,-0.0127,0.9898,-0.636,-6.279,27.585,2.502,18,-4.715,0.4362,False,False
BTCUSDT_1h_breakout_neely-off_vol-off_mps4.0_fib_diag_emph,BTC/USDT,1h,breakout,False,False,4.0,1121,0.3238,0.878,-0.0485,1.0816,-0.5897,-54.402,56.841,23.3033,19,-17.508,0.3989,False,493,0.3834,0.968,-0.0127,0.9898,-0.636,-6.279,27.585,2.502,18,-4.715,0.4362,False,False
BTCUSDT_1h_breakout_neely-off_vol-off_mps2.5_default,BTC/USDT,1h,breakout,False,False,2.5,1121,0.3238,0.878,-0.0485,1.0816,-0.5897,-54.402,56.841,23.3033,19,-17.508,0.3989,False,493,0.3834,0.968,-0.0127,0.9898,-0.636,-6.279,27.585,2.502,18,-4.715,0.4362,False,False
BTCUSDT_1h_breakout_neely-off_vol-off_mps2.5_fib_diag_emph,BTC/USDT,1h,breakout,False,False,2.5,1121,0.3238,0.878,-0.0485,1.0816,-0.5897,-54.402,56.841,23.3033,19,-17.508,0.3989,False,493,0.3834,0.968,-0.0127,0.9898,-0.636,-6.279,27.585,2.502,18,-4.715,0.4362,False,False
BTCUSDT_1h_breakout_neely-off_vol-off_mps3.0_default,BTC/USDT,1h,breakout,False,False,3.0,1121,0.3238,0.878,-0.0485,1.0816,-0.5897,-54.402,56.841,23.3033,19,-17.508,0.3989,False,493,0.3834,0.968,-0.0127,0.9898,-0.636,-6.279,27.585,2.502,18,-4.715,0.4362,False,False
BTCUSDT_1h_breakout_neely-off_vol-off_mps3.0_fib_diag_emph,BTC/USDT,1h,breakout,False,False,3.0,1121,0.3238,0.878,-0.0485,1.0816,-0.5897,-54.402,56.841,23.3033,19,-17.508,0.3989,False,493,0.3834,0.968,-0.0127,0.9898,-0.636,-6.279,27.585,2.502,18,-4.715,0.4362,False,False
BTCUSDT_1h_breakout_neely-off_vol-off_mps4.0_default,BTC/USDT,1h,breakout,False,False,4.0,1121,0.3238,0.878,-0.0485,1.0816,-0.5897,-54.402,56.841,23.3033,19,-17.508,0.3989,False,493,0.3834,0.968,-0.0127,0.9898,-0.636,-6.279,27.585,2.502,18,-4.715,0.4362,False,False
BTCUSDT_1h_breakout_neely-off_vol-off_mps4.0_fib_diag_emph,BTC/USDT,1h,breakout,False,False,4.0,1121,0.3238,0.878,-0.0485,1.0816,-0.5897,-54.402,56.841,23.3033,19,-17.508,0.3989,False,493,0.3834,0.968,-0.0127,0.9898,-0.636,-6.279,27.585,2.502,18,-4.715,0.4362,False,False
BTCUSDT_1h_breakout_neely-off_vol-off_mps2.5_default,BTC/USDT,1h,breakout,False,False,2.5,1121,0.3238,0.878,-0.0485,1.0816,-0.5897,-54.402,56.841,23.3033,19,-17.508,0.3989,False,493,0.3834,0.968,-0.0127,0.9898,-0.636,-6.279,27.585,2.502,18,-4.715,0.4362,False,False
BTCUSDT_1h_breakout_neely-off_vol-off_mps2.5_fib_diag_emph,BTC/USDT,1h,breakout,False,False,2.5,1121,0.3238,0.878,-0.0485,1.0816,-0.5897,-54.402,56.841,23.3033,19,-17.508,0.3989,False,493,0.3834,0.968,-0.0127,0.9898,-0.636,-6.279,27.585,2.502,18,-4.715,0.4362,False,False
BTCUSDT_1h_breakout_neely-off_vol-off_mps3.0_default,BTC/USDT,1h,breakout,False,False,3.0,1121,0.3238,0.878,-0.0485,1.0816,-0.5897,-54.402,56.841,23.3033,19,-17.508,0.3989,False,493,0.3834,0.968,-0.0127,0.9898,-0.636,-6.279,27.585,2.502,18,-4.715,0.4362,False,False
BTCUSDT_1h_breakout_neely-off_vol-off_mps3.0_fib_diag_emph,BTC/USDT,1h,breakout,False,False,3.0,1121,0.3238,0.878,-0.0485,1.0816,-0.5897,-54.402,56.841,23.3033,19,-17.508,0.3989,False,493,0.3834,0.968,-0.0127,0.9898,-0.636,-6.279,27.585,2.502,18,-4.715,0.4362,False,False
BTCUSDT_1h_breakout_neely-off_vol-off_mps4.0_default,BTC/USDT,1h,breakout,False,False,4.0,1121,0.3238,0.878,-0.0485,1.0816,-0.5897,-54.402,56.841,23.3033,19,-17.508,0.3989,False,493,0.3834,0.968,-0.0127,0.9898,-0.636,-6.279,27.585,2.502,18,-4.715,0.4362,False,False
BTCUSDT_1h_breakout_neely-off_vol-off_mps4.0_fib_diag_emph,BTC/USDT,1h,breakout,False,False,4.0,1121,0.3238,0.878,-0.0485,1.0816,-0.5897,-54.402,56.841,23.3033,19,-17.508,0.3989,False,493,0.3834,0.968,-0.0127,0.9898,-0.636,-6.279,27.585,2.502,18,-4.715,0.4362,False,False
BTCUSDT_1h_both_neely-off_vol-off_mps2.5_default,BTC/USDT,1h,both,False,False,2.5,839,0.317,0.812,-0.1056,1.4393,-0.8227,-88.591,96.02,14.8259,17,-28.511,0.3671,False,337,0.365,1.05,0.0279,1.6125,-0.8829,9.39,26.827,1.7886,8,7.051,0.4183,False,False
BTCUSDT_1h_both_neely-off_vol-off_mps2.5_fib_diag_emph,BTC/USDT,1h,both,False,False,2.5,853,0.3259,0.831,-0.0945,1.4252,-0.8293,-80.643,88.565,12.7799,17,-25.953,0.369,False,346,0.3671,1.057,0.0322,1.6228,-0.8902,11.147,27.485,1.4515,9,8.37,0.4361,False,False
BTCUSDT_1h_both_neely-off_vol-off_mps3.0_default,BTC/USDT,1h,both,False,False,3.0,911,0.3139,0.794,-0.1084,1.3295,-0.7663,-98.716,105.873,17.0661,18,-31.769,0.3441,False,370,0.3973,1.111,0.0554,1.3914,-0.8253,20.506,14.57,3.8893,13,15.398,0.4111,False,False
BTCUSDT_1h_both_neely-off_vol-off_mps3.0_fib_diag_emph,BTC/USDT,1h,both,False,False,3.0,882,0.3186,0.797,-0.1125,1.3841,-0.8122,-99.183,108.569,12.9337,18,-31.919,0.3619,False,362,0.3867,1.074,0.0398,1.495,-0.8778,14.425,21.662,1.5804,10,10.832,0.4307,False,False
BTCUSDT_1h_both_neely-off_vol-off_mps4.0_default,BTC/USDT,1h,both,False,False,4.0,1025,0.32,0.825,-0.0799,1.1756,-0.6708,-81.939,88.644,44.9564,14,-26.37,0.3789,False,449,0.3831,0.981,-0.0084,1.1239,-0.7116,-3.794,21.316,2.1358,19,-2.849,0.386,False,False
BTCUSDT_1h_both_neely-off_vol-off_mps4.0_fib_diag_emph,BTC/USDT,1h,both,False,False,4.0,983,0.3316,0.846,-0.0742,1.2276,-0.7201,-72.9,78.963,26.7797,15,-23.461,0.3897,False,425,0.3835,1.011,0.0054,1.2545,-0.7717,2.281,23.965,1.7013,13,1.713,0.4003,False,False
BTCUSDT_1h_both_neely-off_vol-off_mps2.5_default,BTC/USDT,1h,both,False,False,2.5,839,0.317,0.812,-0.1056,1.4393,-0.8227,-88.591,96.02,14.8259,17,-28.511,0.3671,False,337,0.365,1.05,0.0279,1.6125,-0.8829,9.39,26.827,1.7886,8,7.051,0.4183,False,False
BTCUSDT_1h_both_neely-off_vol-off_mps2.5_fib_diag_emph,BTC/USDT,1h,both,False,False,2.5,853,0.3259,0.831,-0.0945,1.4252,-0.8293,-80.643,88.565,12.7799,17,-25.953,0.369,False,346,0.3671,1.057,0.0322,1.6228,-0.8902,11.147,27.485,1.4515,9,8.37,0.4361,False,False
BTCUSDT_1h_both_neely-off_vol-off_mps3.0_default,BTC/USDT,1h,both,False,False,3.0,911,0.3139,0.794,-0.1084,1.3295,-0.7663,-98.716,105.873,17.0661,18,-31.769,0.3441,False,370,0.3973,1.111,0.0554,1.3914,-0.8253,20.506,14.57,3.8893,13,15.398,0.4111,False,False
BTCUSDT_1h_both_neely-off_vol-off_mps3.0_fib_diag_emph,BTC/USDT,1h,both,False,False,3.0,882,0.3186,0.797,-0.1125,1.3841,-0.8122,-99.183,108.569,12.9337,18,-31.919,0.3619,False,362,0.3867,1.074,0.0398,1.495,-0.8778,14.425,21.662,1.5804,10,10.832,0.4307,False,False
BTCUSDT_1h_both_neely-off_vol-off_mps4.0_default,BTC/USDT,1h,both,False,False,4.0,1025,0.32,0.825,-0.0799,1.1756,-0.6708,-81.939,88.644,44.9564,14,-26.37,0.3789,False,449,0.3831,0.981,-0.0084,1.1239,-0.7116,-3.794,21.316,2.1358,19,-2.849,0.386,False,False
BTCUSDT_1h_both_neely-off_vol-off_mps4.0_fib_diag_emph,BTC/USDT,1h,both,False,False,4.0,983,0.3316,0.846,-0.0742,1.2276,-0.7201,-72.9,78.963,26.7797,15,-23.461,0.3897,False,425,0.3835,1.011,0.0054,1.2545,-0.7717,2.281,23.965,1.7013,13,1.713,0.4003,False,False
BTCUSDT_1h_both_neely-off_vol-off_mps2.5_default,BTC/USDT,1h,both,False,False,2.5,839,0.317,0.812,-0.1056,1.4393,-0.8227,-88.591,96.02,14.8259,17,-28.511,0.3671,False,337,0.365,1.05,0.0279,1.6125,-0.8829,9.39,26.827,1.7886,8,7.051,0.4183,False,False
BTCUSDT_1h_both_neely-off_vol-off_mps2.5_fib_diag_emph,BTC/USDT,1h,both,False,False,2.5,853,0.3259,0.831,-0.0945,1.4252,-0.8293,-80.643,88.565,12.7799,17,-25.953,0.369,False,346,0.3671,1.057,0.0322,1.6228,-0.8902,11.147,27.485,1.4515,9,8.37,0.4361,False,False
BTCUSDT_1h_both_neely-off_vol-off_mps3.0_default,BTC/USDT,1h,both,False,False,3.0,911,0.3139,0.794,-0.1084,1.3295,-0.7663,-98.716,105.873,17.0661,18,-31.769,0.3441,False,370,0.3973,1.111,0.0554,1.3914,-0.8253,20.506,14.57,3.8893,13,15.398,0.4111,False,False
BTCUSDT_1h_both_neely-off_vol-off_mps3.0_fib_diag_emph,BTC/USDT,1h,both,False,False,3.0,882,0.3186,0.797,-0.1125,1.3841,-0.8122,-99.183,108.569,12.9337,18,-31.919,0.3619,False,362,0.3867,1.074,0.0398,1.495,-0.8778,14.425,21.662,1.5804,10,10.832,0.4307,False,False
BTCUSDT_1h_both_neely-off_vol-off_mps4.0_default,BTC/USDT,1h,both,False,False,4.0,1025,0.32,0.825,-0.0799,1.1756,-0.6708,-81.939,88.644,44.9564,14,-26.37,0.3789,False,449,0.3831,0.981,-0.0084,1.1239,-0.7116,-3.794,21.316,2.1358,19,-2.849,0.386,False,False
BTCUSDT_1h_both_neely-off_vol-off_mps4.0_fib_diag_emph,BTC/USDT,1h,both,False,False,4.0,983,0.3316,0.846,-0.0742,1.2276,-0.7201,-72.9,78.963,26.7797,15,-23.461,0.3897,False,425,0.3835,1.011,0.0054,1.2545,-0.7717,2.281,23.965,1.7013,13,1.713,0.4003,False,False
BTCUSDT_1h_both_neely-off_vol-off_mps2.5_default,BTC/USDT,1h,both,False,False,2.5,839,0.317,0.812,-0.1056,1.4393,-0.8227,-88.591,96.02,14.8259,17,-28.511,0.3671,False,337,0.365,1.05,0.0279,1.6125,-0.8829,9.39,26.827,1.7886,8,7.051,0.4183,False,False
BTCUSDT_1h_both_neely-off_vol-off_mps2.5_fib_diag_emph,BTC/USDT,1h,both,False,False,2.5,853,0.3259,0.831,-0.0945,1.4252,-0.8293,-80.643,88.565,12.7799,17,-25.953,0.369,False,346,0.3671,1.057,0.0322,1.6228,-0.8902,11.147,27.485,1.4515,9,8.37,0.4361,False,False
BTCUSDT_1h_both_neely-off_vol-off_mps3.0_default,BTC/USDT,1h,both,False,False,3.0,911,0.3139,0.794,-0.1084,1.3295,-0.7663,-98.716,105.873,17.0661,18,-31.769,0.3441,False,370,0.3973,1.111,0.0554,1.3914,-0.8253,20.506,14.57,3.8893,13,15.398,0.4111,False,False
BTCUSDT_1h_both_neely-off_vol-off_mps3.0_fib_diag_emph,BTC/USDT,1h,both,False,False,3.0,882,0.3186,0.797,-0.1125,1.3841,-0.8122,-99.183,108.569,12.9337,18,-31.919,0.3619,False,362,0.3867,1.074,0.0398,1.495,-0.8778,14.425,21.662,1.5804,10,10.832,0.4307,False,False
BTCUSDT_1h_both_neely-off_vol-off_mps4.0_default,BTC/USDT,1h,both,False,False,4.0,1025,0.32,0.825,-0.0799,1.1756,-0.6708,-81.939,88.644,44.9564,14,-26.37,0.3789,False,449,0.3831,0.981,-0.0084,1.1239,-0.7116,-3.794,21.316,2.1358,19,-2.849,0.386,False,False
BTCUSDT_1h_both_neely-off_vol-off_mps4.0_fib_diag_emph,BTC/USDT,1h,both,False,False,4.0,983,0.3316,0.846,-0.0742,1.2276,-0.7201,-72.9,78.963,26.7797,15,-23.461,0.3897,False,425,0.3835,1.011,0.0054,1.2545,-0.7717,2.281,23.965,1.7013,13,1.713,0.4003,False,False
